DATE30,MORTGAGE30US,DATEHPI,USSTHPI,DATE15,MORTGAGE15US
4/2/1971,7.33,1/1/1975,59.83,1991-08-30,8.77
4/9/1971,7.31,4/1/1975,60.97,1991-09-06,8.79
4/16/1971,7.31,7/1/1975,61.21,1991-09-13,8.68
4/23/1971,7.31,10/1/1975,62.26,1991-09-20,8.62
4/30/1971,7.29,1/1/1976,62.88,1991-09-27,8.59
5/7/1971,7.38,4/1/1976,65.44,1991-10-04,8.51
5/14/1971,7.42,7/1/1976,66.57,1991-10-11,8.46
5/21/1971,7.44,10/1/1976,67.33,1991-10-18,8.45
5/28/1971,7.46,1/1/1977,69.41,1991-10-25,8.51
6/4/1971,7.52,4/1/1977,72.68,1991-11-01,8.41
6/11/1971,7.52,7/1/1977,74.41,1991-11-08,8.36
6/18/1971,7.54,10/1/1977,77.28,1991-11-15,8.32
6/25/1971,7.54,1/1/1978,79.58,1991-11-22,8.25
7/2/1971,7.54,4/1/1978,82.77,1991-11-29,8.29
7/9/1971,7.54,7/1/1978,85.21,1991-12-06,8.21
7/16/1971,7.6,10/1/1978,87.48,1991-12-13,8.10
7/23/1971,7.65,1/1/1979,91.39,1991-12-20,8.07
7/30/1971,7.69,4/1/1979,94.4,1991-12-27,7.90
8/6/1971,7.66,7/1/1979,96.35,1992-01-03,7.79
8/13/1971,7.73,10/1/1979,98.29,1992-01-10,7.79
8/20/1971,7.71,1/1/1980,100,1992-01-17,8.03
8/27/1971,7.69,4/1/1980,101.58,1992-01-24,8.14
9/3/1971,7.71,7/1/1980,104.51,1992-01-31,8.28
9/10/1971,7.67,10/1/1980,104.81,1992-02-07,8.30
9/17/1971,7.7,1/1/1981,105.4,1992-02-14,8.36
9/24/1971,7.67,4/1/1981,107.54,1992-02-21,8.43
10/1/1971,7.67,7/1/1981,109.17,1992-02-28,8.44
10/8/1971,7.63,10/1/1981,109.19,1992-03-06,8.48
10/15/1971,7.63,1/1/1982,110.92,1992-03-13,8.51
10/22/1971,7.58,4/1/1982,111.93,1992-03-20,8.69
10/29/1971,7.63,7/1/1982,110.89,1992-03-27,8.63
11/5/1971,7.59,10/1/1982,112.26,1992-04-03,8.57
11/12/1971,7.56,1/1/1983,114.24,1992-04-10,8.44
11/19/1971,7.54,4/1/1983,115.51,1992-04-17,8.38
11/26/1971,7.51,7/1/1983,116.43,1992-04-24,8.49
12/3/1971,7.49,10/1/1983,117.08,1992-05-01,8.46
12/10/1971,7.47,1/1/1984,118.88,1992-05-08,8.38
12/17/1971,7.48,4/1/1984,120.44,1992-05-15,8.26
12/24/1971,7.48,7/1/1984,121.55,1992-05-22,8.16
12/31/1971,7.48,10/1/1984,122.53,1992-05-29,8.21
1/7/1972,7.46,1/1/1985,124.27,1992-06-05,8.18
1/14/1972,7.46,4/1/1985,126.14,1992-06-12,8.12
1/21/1972,7.43,7/1/1985,128.1,1992-06-19,8.03
1/28/1972,7.4,10/1/1985,129.53,1992-06-26,7.98
2/4/1972,7.35,1/1/1986,132.02,1992-07-03,7.84
2/11/1972,7.33,4/1/1986,134.78,1992-07-10,7.67
2/18/1972,7.31,7/1/1986,136.82,1992-07-17,7.63
2/25/1972,7.31,10/1/1986,138.93,1992-07-24,7.61
3/3/1972,7.32,1/1/1987,141.69,1992-07-31,7.60
3/10/1972,7.32,4/1/1987,143.86,1992-08-07,7.59
3/17/1972,7.31,7/1/1987,145.5,1992-08-14,7.48
3/24/1972,7.31,10/1/1987,146.45,1992-08-21,7.38
3/31/1972,7.23,1/1/1988,148.72,1992-08-28,7.51
4/7/1972,7.25,4/1/1988,151.69,1992-09-04,7.44
4/14/1972,7.29,7/1/1988,153.24,1992-09-11,7.33
4/21/1972,7.29,10/1/1988,154.67,1992-09-18,7.37
4/28/1972,7.33,1/1/1989,156.47,1992-09-24,7.48
5/5/1972,7.33,4/1/1989,158.62,1992-10-02,7.37
5/12/1972,7.38,7/1/1989,161.98,1992-10-09,7.46
5/19/1972,7.38,10/1/1989,163.33,1992-10-16,7.51
5/26/1972,7.4,1/1/1990,164.24,1992-10-23,7.71
6/2/1972,7.36,4/1/1990,164.92,1992-10-30,7.68
6/9/1972,7.38,7/1/1990,165.91,1992-11-06,7.75
6/16/1972,7.38,10/1/1990,165.26,1992-11-13,7.79
6/23/1972,7.36,1/1/1991,166.64,1992-11-20,7.83
6/30/1972,7.38,4/1/1991,167.77,1992-11-27,7.81
7/7/1972,7.38,7/1/1991,168.05,1992-12-04,7.87
7/14/1972,7.4,10/1/1991,170.42,1992-12-11,7.77
7/21/1972,7.4,1/1/1992,171.74,1992-12-18,7.74
7/28/1972,7.4,4/1/1992,171.7,1992-12-25,7.65
8/4/1972,7.35,7/1/1992,173.67,1992-12-31,7.68
8/11/1972,7.41,10/1/1992,174.54,1993-01-08,7.60
8/18/1972,7.42,1/1/1993,174.6,1993-01-15,7.56
8/25/1972,7.42,4/1/1993,176.27,1993-01-22,7.51
9/1/1972,7.42,7/1/1993,177.68,1993-01-29,7.37
9/8/1972,7.42,10/1/1993,179.15,1993-02-05,7.29
9/15/1972,7.42,1/1/1994,180.29,1993-02-12,7.25
9/22/1972,7.41,4/1/1994,181.37,1993-02-19,7.12
9/29/1972,7.43,7/1/1994,182.12,1993-02-26,7.02
10/6/1972,7.41,10/1/1994,181.97,1993-03-05,6.91
10/13/1972,7.41,1/1/1995,182.93,1993-03-12,6.97
10/20/1972,7.44,4/1/1995,185.93,1993-03-19,7.07
10/27/1972,7.42,7/1/1995,188.81,1993-03-26,7.01
11/3/1972,7.43,10/1/1995,190.28,1993-04-02,7.03
11/10/1972,7.42,1/1/1996,192.42,1993-04-09,7.07
11/17/1972,7.42,4/1/1996,192.76,1993-04-16,6.93
11/24/1972,7.44,7/1/1996,193.62,1993-04-23,6.86
12/1/1972,7.45,10/1/1996,195.12,1993-04-30,6.91
12/8/1972,7.43,1/1/1997,196.76,1993-05-07,6.88
12/15/1972,7.43,4/1/1997,198.4,1993-05-14,6.86
12/22/1972,7.45,7/1/1997,201.13,1993-05-21,6.98
12/29/1972,7.45,10/1/1997,203.74,1993-05-28,6.99
1/5/1973,7.44,1/1/1998,206.78,1993-06-04,6.97
1/12/1973,7.44,4/1/1998,208.63,1993-06-11,6.98
1/19/1973,7.44,7/1/1998,211.54,1993-06-18,6.87
1/26/1973,7.43,10/1/1998,214.04,1993-06-25,6.84
2/2/1973,7.43,1/1/1999,216.29,1993-07-02,6.76
2/9/1973,7.43,4/1/1999,219.18,1993-07-09,6.71
2/16/1973,7.45,7/1/1999,222.28,1993-07-16,6.67
2/23/1973,7.45,10/1/1999,224.58,1993-07-23,6.70
3/2/1973,7.45,1/1/2000,228.88,1993-07-30,6.75
3/9/1973,7.45,4/1/2000,232.6,1993-08-06,6.72
3/16/1973,7.45,7/1/2000,236.84,1993-08-13,6.68
3/23/1973,7.45,10/1/2000,240.48,1993-08-20,6.62
3/30/1973,7.49,1/1/2001,246.41,1993-08-27,6.49
4/6/1973,7.51,4/1/2001,250.55,1993-09-03,6.45
4/13/1973,7.54,7/1/2001,254.44,1993-09-10,6.35
4/20/1973,7.56,10/1/2001,257.6,1993-09-17,6.49
4/27/1973,7.56,1/1/2002,261.3,1993-09-24,6.47
5/4/1973,7.58,4/1/2002,265.75,1993-10-01,6.41
5/11/1973,7.64,7/1/2002,271.02,1993-10-08,6.39
5/18/1973,7.69,10/1/2002,274.86,1993-10-15,6.36
5/24/1973,7.7,1/1/2003,278.21,1993-10-22,6.31
6/1/1973,7.7,4/1/2003,281.6,1993-10-29,6.40
6/8/1973,7.73,7/1/2003,285.94,1993-11-05,6.65
6/15/1973,7.73,10/1/2003,294.04,1993-11-12,6.64
6/22/1973,7.75,1/1/2004,298.64,1993-11-19,6.62
6/29/1973,7.76,4/1/2004,305.93,1993-11-26,6.84
7/6/1973,7.89,7/1/2004,317.59,1993-12-04,6.74
7/13/1973,8.01,10/1/2004,324.38,1993-12-10,6.65
7/20/1973,8.12,1/1/2005,331.83,1993-12-17,6.70
7/27/1973,8.18,4/1/2005,342.43,1993-12-24,6.69
8/3/1973,8.26,7/1/2005,352.78,1993-12-31,6.63
8/10/1973,8.4,10/1/2005,360.76,1994-01-07,6.74
8/17/1973,8.55,1/1/2006,366.47,1994-01-14,6.48
8/24/1973,8.61,4/1/2006,370.21,1994-01-21,6.57
8/31/1973,8.66,7/1/2006,373.26,1994-01-28,6.47
9/7/1973,8.77,10/1/2006,377.08,1994-02-04,6.46
9/14/1973,8.81,1/1/2007,378.5,1994-02-11,6.72
9/21/1973,8.83,4/1/2007,378.23,1994-02-18,6.64
9/28/1973,8.85,7/1/2007,373.99,1994-02-25,6.80
10/5/1973,8.82,10/1/2007,372.8,1994-03-04,7.01
10/12/1973,8.83,1/1/2008,370.09,1994-03-11,7.15
10/19/1973,8.75,4/1/2008,360.71,1994-03-18,7.27
10/26/1973,8.68,7/1/2008,349.34,1994-03-25,7.30
11/2/1973,8.62,10/1/2008,346.1,1994-04-01,7.55
11/9/1973,8.59,1/1/2009,348.65,1994-04-08,7.91
11/16/1973,8.58,4/1/2009,339.45,1994-04-15,7.72
11/23/1973,8.57,7/1/2009,330.53,1994-04-22,7.97
11/30/1973,8.55,10/1/2009,328.02,1994-04-29,7.85
12/7/1973,8.53,1/1/2010,324.08,1994-05-06,8.03
12/14/1973,8.53,4/1/2010,321.16,1994-05-13,8.25
12/21/1973,8.53,7/1/2010,324.21,1994-05-20,8.04
12/28/1973,8.56,10/1/2010,321.87,1994-05-27,7.99
1/4/1974,8.56,1/1/2011,312.99,1994-06-03,8.02
1/11/1974,8.53,4/1/2011,307.53,1994-06-10,7.79
1/18/1974,8.55,7/1/2011,309.79,1994-06-17,7.83
1/25/1974,8.52,10/1/2011,311.16,1994-06-24,8.00
2/1/1974,8.48,1/1/2012,307.85,1994-07-01,8.07
2/8/1974,8.46,4/1/2012,306.54,1994-07-08,8.15
2/15/1974,8.46,7/1/2012,310.51,1994-07-15,8.20
2/22/1974,8.42,10/1/2012,312.98,1994-07-22,8.05
3/1/1974,8.41,1/1/2013,314.6,1994-07-29,8.09
3/8/1974,8.41,4/1/2013,319.51,1994-08-05,7.90
3/15/1974,8.4,7/1/2013,324.44,1994-08-12,8.08
3/22/1974,8.4,10/1/2013,327.11,1994-08-19,8.05
3/29/1974,8.41,1/1/2014,329.96,1994-08-26,8.05
4/5/1974,8.44,4/1/2014,336.28,1994-09-02,7.96
4/12/1974,8.53,7/1/2014,341.1,1994-09-09,8.03
4/19/1974,8.63,10/1/2014,343.96,1994-09-16,8.15
4/26/1974,8.73,1/1/2015,347.46,1994-09-23,8.21
5/3/1974,8.87,4/1/2015,353.39,1994-09-30,8.31
5/10/1974,8.98,7/1/2015,358.76,1994-10-07,8.38
5/17/1974,8.97,10/1/2015,361.91,1994-10-14,8.40
5/24/1974,9.01,1/1/2016,365.21,1994-10-21,8.30
5/31/1974,9.03,4/1/2016,372.24,1994-10-28,8.47
6/7/1974,9.06,7/1/2016,378.88,1994-11-04,8.51
6/14/1974,9.11,10/1/2016,382.26,1994-11-11,8.67
6/21/1974,9.07,1/1/2017,385.62,1994-11-18,8.71
6/28/1974,9.1,4/1/2017,394.99,1994-11-25,8.77
7/5/1974,9.14,7/1/2017,401.57,1994-12-02,8.76
7/12/1974,9.19,10/1/2017,405.34,1994-12-09,8.77
7/19/1974,9.37,1/1/2018,411.43,1994-12-16,8.89
7/26/1974,9.42,4/1/2018,420.28,1994-12-23,8.79
8/2/1974,9.47,7/1/2018,426.21,1994-12-30,8.81
8/9/1974,9.5,10/1/2018,428.54,1995-01-06,8.87
8/16/1974,9.6,1/1/2019,433.27,1995-01-13,8.85
8/23/1974,9.62,4/1/2019,441.31,1995-01-20,8.70
8/30/1974,9.74,7/1/2019,446.77,1995-01-27,8.76
9/6/1974,9.88,10/1/2019,450.97,1995-02-03,8.59
9/13/1974,9.92,1/1/2020,454.86,1995-02-10,8.45
9/20/1974,10,,,1995-02-17,8.46
9/27/1974,10.03,,,1995-02-24,8.34
10/4/1974,10.02,,,1995-03-03,8.15
10/11/1974,9.96,,,1995-03-10,8.24
10/18/1974,9.99,,,1995-03-17,8.00
10/25/1974,9.94,,,1995-03-24,7.97
11/1/1974,9.87,,,1995-03-31,7.96
11/8/1974,9.81,,,1995-04-07,7.99
11/15/1974,9.81,,,1995-04-14,7.93
11/22/1974,9.73,,,1995-04-21,7.80
11/29/1974,9.72,,,1995-04-28,7.80
12/6/1974,9.69,,,1995-05-05,7.80
12/13/1974,9.63,,,1995-05-12,7.45
12/20/1974,9.58,,,1995-05-19,7.39
12/27/1974,9.56,,,1995-05-26,7.40
1/3/1975,9.6,,,1995-06-02,7.24
1/10/1975,9.49,,,1995-06-09,7.00
1/17/1975,9.43,,,1995-06-16,7.03
1/24/1975,9.35,,,1995-06-23,7.01
1/31/1975,9.29,,,1995-06-30,7.03
2/7/1975,9.2,,,1995-07-07,7.11
2/14/1975,9.13,,,1995-07-14,6.89
2/21/1975,9.07,,,1995-07-21,7.08
2/28/1975,9.02,,,1995-07-28,7.27
3/7/1975,9,,,1995-08-04,7.31
3/14/1975,8.89,,,1995-08-11,7.31
3/21/1975,8.86,,,1995-08-18,7.43
3/28/1975,8.86,,,1995-08-25,7.39
4/4/1975,8.83,,,1995-09-01,7.27
4/11/1975,8.81,,,1995-09-08,7.16
4/18/1975,8.8,,,1995-09-15,7.12
4/25/1975,8.84,,,1995-09-22,7.09
5/2/1975,8.92,,,1995-09-29,7.16
5/9/1975,8.88,,,1995-10-06,7.09
5/16/1975,8.92,,,1995-10-13,7.01
5/23/1975,8.92,,,1995-10-20,6.92
5/30/1975,8.89,,,1995-10-27,7.01
6/6/1975,8.89,,,1995-11-03,6.97
6/13/1975,8.9,,,1995-11-09,6.87
6/20/1975,8.88,,,1995-11-17,6.86
6/27/1975,8.9,,,1995-11-24,6.85
7/3/1975,8.88,,,1995-12-01,6.85
7/11/1975,8.9,,,1995-12-08,6.74
7/18/1975,8.89,,,1995-12-15,6.71
7/25/1975,8.89,,,1995-12-22,6.73
8/1/1975,8.89,,,1995-12-29,6.65
8/8/1975,8.89,,,1996-01-05,6.56
8/15/1975,8.93,,,1996-01-12,6.59
8/22/1975,8.98,,,1996-01-19,6.53
8/29/1975,9.02,,,1996-01-26,6.50
9/5/1975,9.08,,,1996-02-02,6.52
9/12/1975,9.16,,,1996-02-09,6.51
9/19/1975,9.14,,,1996-02-16,6.44
9/26/1975,9.14,,,1996-02-23,6.77
10/3/1975,9.2,,,1996-03-01,6.87
10/10/1975,9.21,,,1996-03-08,6.87
10/17/1975,9.21,,,1996-03-15,7.32
10/24/1975,9.26,,,1996-03-22,7.32
10/31/1975,9.24,,,1996-03-29,7.19
11/7/1975,9.19,,,1996-04-05,7.29
11/14/1975,9.16,,,1996-04-12,7.56
11/21/1975,9.12,,,1996-04-19,7.48
11/28/1975,9.11,,,1996-04-26,7.43
12/5/1975,9.11,,,1996-05-03,7.50
12/12/1975,9.11,,,1996-05-10,7.75
12/19/1975,9.08,,,1996-05-17,7.59
12/26/1975,9.09,,,1996-05-24,7.51
1/2/1976,9.1,,,1996-05-31,7.54
1/9/1976,9.07,,,1996-06-07,7.80
1/16/1976,9.01,,,1996-06-14,7.90
1/23/1976,9,,,1996-06-21,7.81
1/30/1976,8.9,,,1996-06-28,7.82
2/6/1976,8.86,,,1996-07-05,7.67
2/13/1976,8.83,,,1996-07-12,7.93
2/20/1976,8.81,,,1996-07-19,7.76
2/27/1976,8.75,,,1996-07-26,7.71
3/5/1976,8.77,,,1996-08-02,7.75
3/12/1976,8.75,,,1996-08-09,7.40
3/19/1976,8.75,,,1996-08-16,7.39
3/26/1976,8.75,,,1996-08-23,7.45
4/2/1976,8.7,,,1996-08-30,7.60
4/9/1976,8.7,,,1996-09-06,7.88
4/16/1976,8.75,,,1996-09-13,7.81
4/23/1976,8.75,,,1996-09-20,7.64
4/30/1976,8.75,,,1996-09-27,7.68
5/7/1976,8.75,,,1996-10-04,7.58
5/14/1976,8.75,,,1996-10-11,7.38
5/21/1976,8.78,,,1996-10-18,7.39
5/28/1976,8.78,,,1996-10-25,7.37
6/4/1976,8.78,,,1996-11-01,7.30
6/11/1976,8.83,,,1996-11-08,7.20
6/18/1976,8.88,,,1996-11-15,7.11
6/25/1976,8.9,,,1996-11-22,7.06
7/2/1976,8.93,,,1996-11-29,7.04
7/9/1976,8.93,,,1996-12-06,6.96
7/16/1976,8.93,,,1996-12-13,7.06
7/23/1976,8.9,,,1996-12-20,7.21
7/30/1976,8.98,,,1996-12-27,7.16
8/6/1976,9,,,1997-01-03,7.18
8/13/1976,9,,,1997-01-10,7.35
8/20/1976,9,,,1997-01-17,7.38
8/27/1976,9,,,1997-01-24,7.35
9/3/1976,9,,,1997-01-31,7.38
9/10/1976,8.97,,,1997-02-07,7.25
9/17/1976,8.97,,,1997-02-14,7.14
9/24/1976,8.97,,,1997-02-21,7.06
10/1/1976,8.9,,,1997-02-28,7.15
10/8/1976,8.95,,,1997-03-07,7.35
10/15/1976,8.95,,,1997-03-14,7.34
10/22/1976,8.95,,,1997-03-21,7.45
10/29/1976,8.9,,,1997-03-28,7.48
11/5/1976,8.85,,,1997-04-04,7.70
11/12/1976,8.8,,,1997-04-11,7.67
11/19/1976,8.8,,,1997-04-18,7.71
11/26/1976,8.8,,,1997-04-25,7.62
12/3/1976,8.8,,,1997-05-02,7.53
12/10/1976,8.8,,,1997-05-09,7.47
12/17/1976,8.8,,,1997-05-16,7.44
12/24/1976,8.78,,,1997-05-23,7.45
12/31/1976,8.78,,,1997-05-30,7.47
1/7/1977,8.7,,,1997-06-06,7.40
1/14/1977,8.73,,,1997-06-13,7.27
1/21/1977,8.73,,,1997-06-20,7.14
1/28/1977,8.73,,,1997-06-27,7.13
2/4/1977,8.68,,,1997-07-04,7.15
2/11/1977,8.7,,,1997-07-11,7.01
2/18/1977,8.65,,,1997-07-18,7.01
2/25/1977,8.65,,,1997-07-25,6.98
3/4/1977,8.65,,,1997-08-01,6.90
3/11/1977,8.7,,,1997-08-08,7.00
3/18/1977,8.7,,,1997-08-15,7.07
3/25/1977,8.7,,,1997-08-22,6.99
4/1/1977,8.7,,,1997-08-29,7.12
4/8/1977,8.75,,,1997-09-05,7.08
4/15/1977,8.75,,,1997-09-12,7.07
4/22/1977,8.78,,,1997-09-19,6.94
4/29/1977,8.78,,,1997-09-26,6.86
5/6/1977,8.78,,,1997-10-03,6.87
5/13/1977,8.83,,,1997-10-10,6.82
5/20/1977,8.85,,,1997-10-17,6.89
5/27/1977,8.85,,,1997-10-24,6.90
6/3/1977,8.85,,,1997-10-31,6.76
6/10/1977,8.85,,,1997-11-07,6.80
6/17/1977,8.85,,,1997-11-14,6.78
6/24/1977,8.88,,,1997-11-21,6.73
7/1/1977,8.95,,,1997-11-28,6.73
7/8/1977,8.93,,,1997-12-05,6.71
7/15/1977,8.95,,,1997-12-12,6.72
7/22/1977,8.95,,,1997-12-19,6.65
7/29/1977,8.93,,,1997-12-26,6.57
8/5/1977,8.95,,,1998-01-02,6.61
8/12/1977,8.95,,,1998-01-09,6.55
8/19/1977,8.93,,,1998-01-16,6.46
8/26/1977,8.93,,,1998-01-23,6.56
9/2/1977,8.88,,,1998-01-30,6.70
9/9/1977,8.9,,,1998-02-06,6.62
9/16/1977,8.9,,,1998-02-13,6.65
9/23/1977,8.9,,,1998-02-20,6.59
9/30/1977,8.9,,,1998-02-28,6.69
10/7/1977,8.93,,,1998-03-06,6.80
10/14/1977,8.93,,,1998-03-13,6.78
10/21/1977,8.93,,,1998-03-20,6.70
10/28/1977,8.9,,,1998-03-27,6.69
11/4/1977,8.9,,,1998-04-03,6.79
11/11/1977,8.93,,,1998-04-10,6.74
11/18/1977,8.93,,,1998-04-17,6.81
11/25/1977,8.93,,,1998-04-24,6.78
12/2/1977,8.95,,,1998-05-01,6.85
12/9/1977,8.95,,,1998-05-08,6.78
12/16/1977,8.95,,,1998-05-15,6.82
12/23/1977,8.95,,,1998-05-22,6.75
12/30/1977,9,,,1998-05-29,6.72
1/6/1978,9,,,1998-06-05,6.70
1/13/1978,9.03,,,1998-06-12,6.71
1/20/1978,8.98,,,1998-06-19,6.62
1/27/1978,9.05,,,1998-06-26,6.64
2/3/1978,9.13,,,1998-07-03,6.65
2/10/1978,9.15,,,1998-07-10,6.60
2/17/1978,9.15,,,1998-07-17,6.60
2/24/1978,9.15,,,1998-07-24,6.63
3/3/1978,9.15,,,1998-07-31,6.64
3/10/1978,9.15,,,1998-08-07,6.63
3/17/1978,9.23,,,1998-08-14,6.60
3/24/1978,9.23,,,1998-08-21,6.61
3/31/1978,9.25,,,1998-08-28,6.61
4/7/1978,9.28,,,1998-09-04,6.51
4/14/1978,9.33,,,1998-09-11,6.43
4/21/1978,9.38,,,1998-09-18,6.35
4/28/1978,9.43,,,1998-09-25,6.32
5/5/1978,9.48,,,1998-10-02,6.27
5/12/1978,9.55,,,1998-10-09,6.15
5/19/1978,9.58,,,1998-10-16,6.58
5/26/1978,9.68,,,1998-10-23,6.34
6/2/1978,9.68,,,1998-10-30,6.48
6/9/1978,9.7,,,1998-11-06,6.50
6/16/1978,9.73,,,1998-11-13,6.57
6/23/1978,9.7,,,1998-11-20,6.51
6/30/1978,9.73,,,1998-11-27,6.44
7/7/1978,9.73,,,1998-12-04,6.37
7/14/1978,9.73,,,1998-12-11,6.34
7/21/1978,9.75,,,1998-12-18,6.35
7/28/1978,9.75,,,1998-12-25,6.41
8/4/1978,9.78,,,1998-12-31,6.48
8/11/1978,9.78,,,1999-01-08,6.43
8/18/1978,9.78,,,1999-01-15,6.48
8/25/1978,9.8,,,1999-01-22,6.42
9/1/1978,9.75,,,1999-01-29,6.37
9/8/1978,9.75,,,1999-02-05,6.38
9/15/1978,9.75,,,1999-02-12,6.40
9/22/1978,9.75,,,1999-02-19,6.46
9/29/1978,9.78,,,1999-02-26,6.51
10/6/1978,9.85,,,1999-03-05,6.70
10/13/1978,9.85,,,1999-03-12,6.75
10/20/1978,9.85,,,1999-03-19,6.64
10/27/1978,9.88,,,1999-03-26,6.61
11/3/1978,9.9,,,1999-04-02,6.58
11/10/1978,10.05,,,1999-04-09,6.53
11/17/1978,10.2,,,1999-04-16,6.47
11/24/1978,10.28,,,1999-04-23,6.51
12/1/1978,10.3,,,1999-04-30,6.55
12/8/1978,10.35,,,1999-05-07,6.61
12/15/1978,10.35,,,1999-05-14,6.71
12/22/1978,10.35,,,1999-05-21,6.83
12/29/1978,10.38,,,1999-05-28,6.84
1/5/1979,10.38,,,1999-06-04,7.04
1/12/1979,10.38,,,1999-06-11,7.13
1/19/1979,10.4,,,1999-06-18,7.26
1/26/1979,10.4,,,1999-06-25,7.28
2/2/1979,10.4,,,1999-07-02,7.34
2/9/1979,10.43,,,1999-07-09,7.30
2/16/1979,10.4,,,1999-07-16,7.19
2/23/1979,10.4,,,1999-07-23,7.16
3/2/1979,10.43,,,1999-07-30,7.29
3/9/1979,10.4,,,1999-08-06,7.45
3/16/1979,10.4,,,1999-08-13,7.70
3/23/1979,10.45,,,1999-08-20,7.53
3/30/1979,10.45,,,1999-08-27,7.43
4/6/1979,10.48,,,1999-09-03,7.45
4/13/1979,10.48,,,1999-09-10,7.49
4/20/1979,10.5,,,1999-09-17,7.43
4/27/1979,10.53,,,1999-09-24,7.40
5/4/1979,10.6,,,1999-10-01,7.35
5/11/1979,10.68,,,1999-10-08,7.43
5/18/1979,10.73,,,1999-10-15,7.45
5/25/1979,10.75,,,1999-10-22,7.53
6/1/1979,10.9,,,1999-10-29,7.57
6/8/1979,11.03,,,1999-11-05,7.45
6/15/1979,11.05,,,1999-11-12,7.30
6/22/1979,11.1,,,1999-11-19,7.31
6/29/1979,11.1,,,1999-11-26,7.36
7/6/1979,11.13,,,1999-12-03,7.46
7/13/1979,11.08,,,1999-12-10,7.45
7/20/1979,11.08,,,1999-12-17,7.47
7/27/1979,11.08,,,1999-12-24,7.57
8/3/1979,11.08,,,1999-12-31,7.66
8/10/1979,11.08,,,2000-01-07,7.73
8/17/1979,11.08,,,2000-01-14,7.78
8/24/1979,11.1,,,2000-01-21,7.86
8/31/1979,11.13,,,2000-01-28,7.84
9/7/1979,11.2,,,2000-02-04,7.85
9/14/1979,11.3,,,2000-02-11,7.96
9/21/1979,11.35,,,2000-02-18,8.00
9/28/1979,11.35,,,2000-02-25,7.92
10/5/1979,11.35,,,2000-03-03,7.84
10/12/1979,11.45,,,2000-03-10,7.81
10/19/1979,11.75,,,2000-03-17,7.83
10/26/1979,12,,,2000-03-24,7.84
11/2/1979,12.8,,,2000-03-31,7.84
11/9/1979,12.85,,,2000-04-07,7.83
11/16/1979,12.8,,,2000-04-14,7.76
11/23/1979,12.8,,,2000-04-21,7.82
11/30/1979,12.9,,,2000-04-28,7.79
12/7/1979,12.9,,,2000-05-05,7.94
12/14/1979,12.9,,,2000-05-12,8.17
12/21/1979,12.9,,,2000-05-19,8.31
12/28/1979,12.9,,,2000-05-26,8.31
1/4/1980,12.85,,,2000-06-02,8.24
1/11/1980,12.9,,,2000-06-09,8.04
1/18/1980,12.87,,,2000-06-16,7.91
1/25/1980,12.89,,,2000-06-23,7.85
2/1/1980,12.85,,,2000-06-30,7.92
2/8/1980,12.85,,,2000-07-07,7.88
2/15/1980,12.88,,,2000-07-14,7.80
2/22/1980,13.03,,,2000-07-21,7.93
2/29/1980,13.59,,,2000-07-28,7.85
3/7/1980,14,,,2000-08-04,7.88
3/14/1980,15.4,,,2000-08-11,7.75
3/21/1980,15.7,,,2000-08-18,7.70
3/28/1980,16.03,,,2000-08-25,7.72
4/4/1980,16.35,,,2000-09-01,7.67
4/11/1980,16.35,,,2000-09-08,7.65
4/18/1980,16.35,,,2000-09-15,7.60
4/25/1980,16.25,,,2000-09-22,7.57
5/2/1980,15.9,,,2000-09-29,7.53
5/9/1980,14.68,,,2000-10-06,7.50
5/16/1980,14.15,,,2000-10-13,7.52
5/23/1980,13.38,,,2000-10-20,7.50
5/30/1980,13.2,,,2000-10-27,7.36
6/6/1980,13.06,,,2000-11-03,7.41
6/13/1980,12.85,,,2000-11-10,7.44
6/20/1980,12.58,,,2000-11-17,7.41
6/27/1980,12.35,,,2000-11-24,7.41
7/4/1980,12.18,,,2000-12-01,7.35
7/11/1980,12.23,,,2000-12-08,7.19
7/18/1980,12.18,,,2000-12-15,7.11
7/25/1980,12.18,,,2000-12-22,6.84
8/1/1980,12.25,,,2000-12-29,6.79
8/8/1980,12.25,,,2001-01-05,6.74
8/15/1980,12.55,,,2001-01-12,6.49
8/22/1980,12.8,,,2001-01-19,6.63
8/29/1980,12.95,,,2001-01-26,6.70
9/5/1980,13.03,,,2001-02-02,6.66
9/12/1980,13.08,,,2001-02-09,6.60
9/19/1980,13.25,,,2001-02-16,6.61
9/26/1980,13.43,,,2001-02-23,6.69
10/3/1980,13.6,,,2001-03-02,6.58
10/10/1980,13.73,,,2001-03-09,6.52
10/17/1980,13.78,,,2001-03-16,6.54
10/24/1980,13.85,,,2001-03-23,6.44
10/31/1980,14,,,2001-03-30,6.46
11/7/1980,14.08,,,2001-04-06,6.54
11/14/1980,14.18,,,2001-04-13,6.55
11/21/1980,14.28,,,2001-04-20,6.66
11/28/1980,14.28,,,2001-04-27,6.63
12/5/1980,14.43,,,2001-05-04,6.66
12/12/1980,14.83,,,2001-05-11,6.61
12/19/1980,14.95,,,2001-05-18,6.67
12/26/1980,14.95,,,2001-05-25,6.76
1/2/1981,14.95,,,2001-06-01,6.78
1/9/1981,14.8,,,2001-06-08,6.74
1/16/1981,14.85,,,2001-06-15,6.70
1/23/1981,14.85,,,2001-06-22,6.65
1/30/1981,15.07,,,2001-06-29,6.63
2/6/1981,15,,,2001-07-06,6.74
2/13/1981,15.03,,,2001-07-13,6.76
2/20/1981,15.2,,,2001-07-20,6.65
2/27/1981,15.3,,,2001-07-27,6.58
3/6/1981,15.4,,,2001-08-03,6.54
3/13/1981,15.4,,,2001-08-10,6.54
3/20/1981,15.4,,,2001-08-17,6.48
3/27/1981,15.4,,,2001-08-24,6.47
4/3/1981,15.4,,,2001-08-31,6.47
4/10/1981,15.5,,,2001-09-07,6.44
4/17/1981,15.65,,,2001-09-14,6.39
4/24/1981,15.77,,,2001-09-21,6.30
5/1/1981,15.82,,,2001-09-28,6.23
5/8/1981,16.12,,,2001-10-05,6.11
5/15/1981,16.64,,,2001-10-12,6.06
5/22/1981,16.63,,,2001-10-19,6.09
5/29/1981,16.8,,,2001-10-26,6.13
6/5/1981,16.76,,,2001-11-02,6.04
6/12/1981,16.69,,,2001-11-09,5.94
6/19/1981,16.71,,,2001-11-16,5.98
6/26/1981,16.62,,,2001-11-23,6.24
7/3/1981,16.64,,,2001-11-30,6.53
7/10/1981,16.79,,,2001-12-07,6.30
7/17/1981,16.74,,,2001-12-14,6.57
7/24/1981,16.88,,,2001-12-21,6.65
7/31/1981,17.11,,,2001-12-28,6.65
8/7/1981,17.13,,,2002-01-04,6.62
8/14/1981,17.27,,,2002-01-11,6.55
8/21/1981,17.26,,,2002-01-18,6.31
8/28/1981,17.48,,,2002-01-25,6.44
9/4/1981,17.79,,,2002-02-01,6.51
9/11/1981,18.22,,,2002-02-08,6.36
9/18/1981,18.27,,,2002-02-15,6.35
9/25/1981,18.36,,,2002-02-22,6.28
10/2/1981,18.28,,,2002-03-01,6.28
10/9/1981,18.63,,,2002-03-08,6.37
10/16/1981,18.53,,,2002-03-15,6.59
10/21/1981,18.39,,,2002-03-22,6.65
10/30/1981,18.44,,,2002-03-29,6.69
11/6/1981,18.37,,,2002-04-05,6.64
11/13/1981,18.02,,,2002-04-12,6.49
11/20/1981,17.7,,,2002-04-19,6.42
11/27/1981,17.21,,,2002-04-26,6.35
12/4/1981,16.9,,,2002-05-03,6.26
12/11/1981,16.94,,,2002-05-10,6.27
12/18/1981,16.9,,,2002-05-17,6.37
12/25/1981,16.95,,,2002-05-24,6.28
12/31/1981,17.04,,,2002-05-31,6.22
1/8/1982,17.3,,,2002-06-07,6.18
1/15/1982,17.44,,,2002-06-14,6.17
1/22/1982,17.61,,,2002-06-21,6.08
1/29/1982,17.59,,,2002-06-28,5.99
2/5/1982,17.56,,,2002-07-05,6.03
2/12/1982,17.65,,,2002-07-12,6.00
2/19/1982,17.66,,,2002-07-19,5.93
2/26/1982,17.52,,,2002-07-26,5.76
3/5/1982,17.29,,,2002-08-02,5.84
3/12/1982,17.19,,,2002-08-09,5.69
3/19/1982,17.12,,,2002-08-16,5.63
3/26/1982,17.04,,,2002-08-23,5.71
4/2/1982,16.95,,,2002-08-30,5.64
4/9/1982,16.91,,,2002-09-06,5.56
4/16/1982,16.93,,,2002-09-13,5.59
4/23/1982,16.86,,,2002-09-20,5.47
4/30/1982,16.81,,,2002-09-27,5.41
5/7/1982,16.78,,,2002-10-04,5.40
5/14/1982,16.63,,,2002-10-11,5.34
5/21/1982,16.67,,,2002-10-18,5.56
5/28/1982,16.63,,,2002-10-25,5.70
6/4/1982,16.65,,,2002-11-01,5.51
6/11/1982,16.7,,,2002-11-08,5.48
6/18/1982,16.71,,,2002-11-15,5.32
6/25/1982,16.73,,,2002-11-22,5.44
7/2/1982,16.87,,,2002-11-29,5.57
7/9/1982,16.93,,,2002-12-06,5.60
7/16/1982,16.88,,,2002-12-13,5.46
7/23/1982,16.75,,,2002-12-20,5.42
7/30/1982,16.65,,,2002-12-27,5.32
8/6/1982,16.55,,,2003-01-03,5.24
8/13/1982,16.44,,,2003-01-10,5.33
8/20/1982,16.21,,,2003-01-17,5.36
8/27/1982,15.88,,,2003-01-24,5.31
9/3/1982,15.59,,,2003-01-31,5.28
9/10/1982,15.56,,,2003-02-07,5.27
9/17/1982,15.38,,,2003-02-14,5.26
9/24/1982,15.19,,,2003-02-21,5.21
10/1/1982,15.13,,,2003-02-28,5.14
10/8/1982,14.96,,,2003-03-07,5.01
10/15/1982,14.6,,,2003-03-14,4.93
10/22/1982,14.2,,,2003-03-21,5.11
10/29/1982,14.15,,,2003-03-28,5.21
11/5/1982,13.91,,,2003-04-04,5.06
11/12/1982,13.84,,,2003-04-11,5.17
11/19/1982,13.78,,,2003-04-18,5.12
11/26/1982,13.77,,,2003-04-25,5.12
12/3/1982,13.66,,,2003-05-02,5.03
12/10/1982,13.66,,,2003-05-09,4.97
12/17/1982,13.63,,,2003-05-16,4.84
12/24/1982,13.6,,,2003-05-23,4.73
12/31/1982,13.57,,,2003-05-30,4.73
1/7/1983,13.46,,,2003-06-06,4.66
1/14/1983,13.31,,,2003-06-13,4.60
1/21/1983,13.12,,,2003-06-20,4.62
1/28/1983,13.1,,,2003-06-27,4.63
2/4/1983,13.06,,,2003-07-04,4.75
2/11/1983,13.06,,,2003-07-11,4.85
2/18/1983,13.07,,,2003-07-18,5.00
2/25/1983,12.98,,,2003-07-25,5.27
3/4/1983,12.74,,,2003-08-01,5.44
3/11/1983,12.79,,,2003-08-08,5.66
3/18/1983,12.81,,,2003-08-15,5.58
3/25/1983,12.86,,,2003-08-22,5.60
4/1/1983,12.82,,,2003-08-29,5.66
4/8/1983,12.82,,,2003-09-05,5.77
4/15/1983,12.79,,,2003-09-12,5.46
4/22/1983,12.75,,,2003-09-19,5.30
4/29/1983,12.73,,,2003-09-26,5.30
5/6/1983,12.71,,,2003-10-03,5.10
5/13/1983,12.59,,,2003-10-10,5.26
5/20/1983,12.55,,,2003-10-17,5.36
5/27/1983,12.68,,,2003-10-24,5.39
6/3/1983,12.74,,,2003-10-31,5.26
6/10/1983,12.82,,,2003-11-07,5.31
6/17/1983,12.96,,,2003-11-14,5.39
6/24/1983,12.96,,,2003-11-21,5.17
7/1/1983,13.08,,,2003-11-28,5.22
7/8/1983,13.3,,,2003-12-05,5.36
7/15/1983,13.5,,,2003-12-12,5.24
7/22/1983,13.58,,,2003-12-19,5.14
7/29/1983,13.65,,,2003-12-26,5.13
8/5/1983,13.73,,,2003-12-31,5.15
8/12/1983,13.84,,,2004-01-08,5.17
8/19/1983,13.89,,,2004-01-15,4.97
8/26/1983,13.78,,,2004-01-22,4.95
9/2/1983,13.77,,,2004-01-29,4.97
9/9/1983,13.77,,,2004-02-05,5.03
9/16/1983,13.72,,,2004-02-12,4.96
9/23/1983,13.72,,,2004-02-19,4.87
9/30/1983,13.65,,,2004-02-26,4.89
10/7/1983,13.59,,,2004-03-04,4.88
10/14/1983,13.6,,,2004-03-11,4.69
10/21/1983,13.52,,,2004-03-18,4.69
10/28/1983,13.43,,,2004-03-25,4.70
11/4/1983,13.42,,,2004-04-01,4.84
11/11/1983,13.47,,,2004-04-08,5.12
11/18/1983,13.42,,,2004-04-15,5.23
11/25/1983,13.43,,,2004-04-22,5.25
12/2/1983,13.41,,,2004-04-29,5.35
12/9/1983,13.38,,,2004-05-06,5.47
12/16/1983,13.42,,,2004-05-13,5.72
12/23/1983,13.46,,,2004-05-20,5.67
12/30/1983,13.43,,,2004-05-27,5.69
1/6/1984,13.43,,,2004-06-03,5.63
1/13/1984,13.4,,,2004-06-10,5.67
1/20/1984,13.35,,,2004-06-17,5.70
1/27/1984,13.29,,,2004-06-24,5.64
2/3/1984,13.26,,,2004-07-01,5.62
2/10/1984,13.23,,,2004-07-08,5.42
2/17/1984,13.19,,,2004-07-15,5.40
2/24/1984,13.25,,,2004-07-22,5.39
3/2/1984,13.23,,,2004-07-29,5.49
3/9/1984,13.3,,,2004-08-05,5.40
3/16/1984,13.37,,,2004-08-12,5.24
3/23/1984,13.48,,,2004-08-19,5.19
3/30/1984,13.55,,,2004-08-26,5.21
4/6/1984,13.63,,,2004-09-02,5.15
4/13/1984,13.58,,,2004-09-09,5.22
4/20/1984,13.67,,,2004-09-16,5.13
4/27/1984,13.73,,,2004-09-23,5.10
5/4/1984,13.78,,,2004-09-30,5.12
5/11/1984,13.87,,,2004-10-07,5.24
5/18/1984,14.04,,,2004-10-14,5.14
5/25/1984,14.08,,,2004-10-21,5.07
6/1/1984,14.29,,,2004-10-28,5.01
6/8/1984,14.33,,,2004-11-04,5.08
6/15/1984,14.47,,,2004-11-11,5.16
6/22/1984,14.49,,,2004-11-18,5.15
6/29/1984,14.5,,,2004-11-24,5.15
7/6/1984,14.66,,,2004-12-02,5.23
7/13/1984,14.68,,,2004-12-09,5.14
7/20/1984,14.66,,,2004-12-16,5.11
7/27/1984,14.67,,,2004-12-22,5.18
8/3/1984,14.68,,,2004-12-29,5.23
8/10/1984,14.54,,,2005-01-06,5.21
8/17/1984,14.39,,,2005-01-13,5.19
8/24/1984,14.36,,,2005-01-20,5.15
8/31/1984,14.38,,,2005-01-27,5.14
9/7/1984,14.42,,,2005-02-03,5.14
9/14/1984,14.43,,,2005-02-10,5.10
9/21/1984,14.29,,,2005-02-17,5.14
9/28/1984,14.26,,,2005-02-24,5.22
10/5/1984,14.18,,,2005-03-03,5.33
10/12/1984,14.19,,,2005-03-10,5.38
10/19/1984,14.1,,,2005-03-17,5.47
10/26/1984,14.05,,,2005-03-24,5.56
11/2/1984,13.85,,,2005-03-31,5.58
11/9/1984,13.74,,,2005-04-07,5.48
11/16/1984,13.63,,,2005-04-14,5.46
11/23/1984,13.55,,,2005-04-21,5.36
11/30/1984,13.42,,,2005-04-28,5.33
12/7/1984,13.2,,,2005-05-05,5.31
12/14/1984,13.2,,,2005-05-12,5.33
12/21/1984,13.18,,,2005-05-19,5.27
12/28/1984,13.14,,,2005-05-26,5.21
1/4/1985,13.1,,,2005-06-02,5.20
1/11/1985,13.12,,,2005-06-09,5.14
1/18/1985,13.12,,,2005-06-16,5.22
1/25/1985,12.96,,,2005-06-23,5.16
2/1/1985,12.93,,,2005-06-30,5.12
2/8/1985,12.91,,,2005-07-07,5.20
2/15/1985,12.9,,,2005-07-14,5.25
2/22/1985,12.94,,,2005-07-21,5.32
3/1/1985,13.02,,,2005-07-28,5.34
3/8/1985,13.1,,,2005-08-04,5.38
3/15/1985,13.2,,,2005-08-11,5.47
3/22/1985,13.24,,,2005-08-18,5.40
3/29/1985,13.29,,,2005-08-25,5.35
4/5/1985,13.27,,,2005-09-01,5.32
4/12/1985,13.23,,,2005-09-08,5.30
4/19/1985,13.16,,,2005-09-15,5.32
4/26/1985,13.12,,,2005-09-22,5.37
5/3/1985,13.07,,,2005-09-29,5.48
5/10/1985,13.02,,,2005-10-06,5.54
5/17/1985,12.94,,,2005-10-13,5.62
5/24/1985,12.83,,,2005-10-20,5.65
5/31/1985,12.71,,,2005-10-27,5.69
6/7/1985,12.39,,,2005-11-03,5.85
6/14/1985,12.27,,,2005-11-10,5.89
6/21/1985,12.05,,,2005-11-17,5.90
6/28/1985,12.15,,,2005-11-23,5.81
7/5/1985,12.13,,,2005-12-01,5.81
7/12/1985,12.03,,,2005-12-08,5.87
7/19/1985,11.94,,,2005-12-15,5.85
7/26/1985,12.03,,,2005-12-22,5.79
8/2/1985,12.17,,,2005-12-29,5.76
8/9/1985,12.23,,,2006-01-05,5.76
8/16/1985,12.24,,,2006-01-12,5.71
8/23/1985,12.18,,,2006-01-19,5.67
8/30/1985,12.11,,,2006-01-26,5.70
9/6/1985,12.15,,,2006-02-02,5.81
9/13/1985,12.24,,,2006-02-09,5.83
9/20/1985,12.21,,,2006-02-16,5.91
9/27/1985,12.17,,,2006-02-23,5.89
10/4/1985,12.17,,,2006-03-02,5.89
10/11/1985,12.17,,,2006-03-09,6.00
10/18/1985,12.13,,,2006-03-16,5.98
10/25/1985,12.07,,,2006-03-23,5.97
11/1/1985,12.01,,,2006-03-30,6.00
11/8/1985,11.9,,,2006-04-06,6.10
11/15/1985,11.79,,,2006-04-13,6.14
11/22/1985,11.64,,,2006-04-20,6.17
11/29/1985,11.58,,,2006-04-27,6.21
12/6/1985,11.5,,,2006-05-04,6.22
12/13/1985,11.31,,,2006-05-11,6.17
12/20/1985,11.14,,,2006-05-18,6.20
12/27/1985,11.09,,,2006-05-25,6.23
1/3/1986,10.81,,,2006-06-01,6.26
1/10/1986,10.77,,,2006-06-08,6.23
1/17/1986,10.99,,,2006-06-15,6.25
1/24/1986,10.97,,,2006-06-22,6.36
1/31/1986,10.89,,,2006-06-29,6.43
2/7/1986,10.85,,,2006-07-06,6.44
2/14/1986,10.8,,,2006-07-13,6.37
2/21/1986,10.68,,,2006-07-20,6.41
2/28/1986,10.51,,,2006-07-27,6.34
3/7/1986,10.2,,,2006-08-03,6.27
3/14/1986,10.01,,,2006-08-10,6.20
3/21/1986,10.01,,,2006-08-17,6.20
3/28/1986,10.1,,,2006-08-24,6.18
4/4/1986,9.99,,,2006-08-31,6.14
4/11/1986,9.98,,,2006-09-07,6.16
4/18/1986,9.92,,,2006-09-14,6.11
4/25/1986,9.86,,,2006-09-21,6.06
5/2/1986,9.9,,,2006-09-28,5.98
5/9/1986,10,,,2006-10-05,5.98
5/16/1986,10.08,,,2006-10-12,6.06
5/23/1986,10.36,,,2006-10-19,6.06
5/30/1986,10.38,,,2006-10-26,6.10
6/6/1986,10.74,,,2006-11-02,6.02
6/13/1986,10.76,,,2006-11-09,6.04
6/20/1986,10.61,,,2006-11-16,5.94
6/27/1986,10.62,,,2006-11-22,5.91
7/4/1986,10.61,,,2006-11-30,5.87
7/11/1986,10.59,,,2006-12-07,5.84
7/18/1986,10.43,,,2006-12-14,5.86
7/25/1986,10.4,,,2006-12-21,5.89
8/1/1986,10.4,,,2006-12-28,5.93
8/8/1986,10.4,,,2007-01-04,5.94
8/15/1986,10.23,,,2007-01-11,5.96
8/22/1986,10.04,,,2007-01-18,5.98
8/29/1986,9.93,,,2007-01-25,5.98
9/5/1986,9.9,,,2007-02-01,6.06
9/12/1986,9.96,,,2007-02-08,6.02
9/19/1986,10.07,,,2007-02-15,6.03
9/26/1986,10.1,,,2007-02-22,5.97
10/3/1986,10.08,,,2007-03-01,5.92
10/10/1986,9.99,,,2007-03-08,5.86
10/17/1986,9.96,,,2007-03-15,5.88
10/24/1986,9.95,,,2007-03-22,5.90
10/31/1986,9.89,,,2007-03-29,5.86
11/7/1986,9.83,,,2007-04-05,5.87
11/14/1986,9.81,,,2007-04-12,5.90
11/21/1986,9.64,,,2007-04-19,5.89
11/28/1986,9.5,,,2007-04-26,5.87
12/5/1986,9.3,,,2007-05-03,5.87
12/12/1986,9.35,,,2007-05-10,5.87
12/19/1986,9.3,,,2007-05-17,5.92
12/26/1986,9.29,,,2007-05-24,6.06
1/2/1987,9.37,,,2007-05-31,6.12
1/9/1987,9.32,,,2007-06-07,6.22
1/16/1987,9.21,,,2007-06-14,6.43
1/23/1987,9.04,,,2007-06-21,6.37
1/30/1987,9.08,,,2007-06-28,6.34
2/6/1987,9.06,,,2007-07-05,6.30
2/13/1987,9.09,,,2007-07-12,6.39
2/20/1987,9.11,,,2007-07-19,6.38
2/27/1987,9.07,,,2007-07-26,6.37
3/6/1987,9.03,,,2007-08-02,6.32
3/13/1987,9.05,,,2007-08-09,6.25
3/20/1987,9.03,,,2007-08-16,6.30
3/27/1987,9.03,,,2007-08-23,6.18
4/3/1987,9.26,,,2007-08-30,6.12
4/10/1987,9.43,,,2007-09-06,6.15
4/17/1987,10.27,,,2007-09-13,5.97
4/24/1987,10.37,,,2007-09-20,5.98
5/1/1987,10.47,,,2007-09-27,6.09
5/8/1987,10.52,,,2007-10-04,6.03
5/15/1987,10.48,,,2007-10-11,6.06
5/22/1987,10.81,,,2007-10-18,6.08
5/29/1987,10.7,,,2007-10-25,5.99
6/5/1987,10.7,,,2007-11-01,5.91
6/12/1987,10.66,,,2007-11-08,5.90
6/19/1987,10.44,,,2007-11-15,5.88
6/26/1987,10.35,,,2007-11-21,5.83
7/3/1987,10.36,,,2007-11-29,5.73
7/10/1987,10.3,,,2007-12-06,5.65
7/17/1987,10.23,,,2007-12-13,5.78
7/24/1987,10.23,,,2007-12-20,5.79
7/31/1987,10.27,,,2007-12-27,5.79
8/7/1987,10.35,,,2008-01-03,5.68
8/14/1987,10.34,,,2008-01-10,5.43
8/21/1987,10.3,,,2008-01-17,5.21
8/28/1987,10.33,,,2008-01-24,4.95
9/4/1987,10.63,,,2008-01-31,5.17
9/11/1987,10.91,,,2008-02-07,5.15
9/18/1987,10.99,,,2008-02-14,5.25
9/25/1987,11.02,,,2008-02-21,5.64
10/2/1987,11.18,,,2008-02-28,5.72
10/9/1987,11.21,,,2008-03-06,5.47
10/16/1987,11.58,,,2008-03-13,5.60
10/23/1987,11.36,,,2008-03-20,5.27
10/30/1987,10.97,,,2008-03-27,5.34
11/6/1987,10.79,,,2008-04-03,5.42
11/13/1987,10.66,,,2008-04-10,5.42
11/20/1987,10.6,,,2008-04-17,5.40
11/27/1987,10.55,,,2008-04-24,5.62
12/4/1987,10.6,,,2008-05-01,5.59
12/11/1987,10.66,,,2008-05-08,5.60
12/18/1987,10.69,,,2008-05-15,5.60
12/25/1987,10.64,,,2008-05-22,5.55
12/31/1987,10.61,,,2008-05-29,5.66
1/8/1988,10.5,,,2008-06-05,5.65
1/15/1988,10.53,,,2008-06-12,5.93
1/22/1988,10.34,,,2008-06-19,6.02
1/29/1988,10.16,,,2008-06-26,6.04
2/5/1988,9.94,,,2008-07-03,5.92
2/12/1988,9.84,,,2008-07-10,5.91
2/19/1988,9.92,,,2008-07-17,5.78
2/26/1988,9.87,,,2008-07-24,6.18
3/4/1988,9.85,,,2008-07-31,6.07
3/11/1988,9.96,,,2008-08-07,6.10
3/18/1988,9.92,,,2008-08-14,6.07
3/25/1988,9.99,,,2008-08-21,6.00
4/1/1988,10.05,,,2008-08-28,5.93
4/8/1988,10.19,,,2008-09-04,5.90
4/15/1988,10.19,,,2008-09-11,5.54
4/22/1988,10.3,,,2008-09-18,5.35
4/29/1988,10.28,,,2008-09-25,5.77
5/6/1988,10.32,,,2008-10-02,5.78
5/13/1988,10.4,,,2008-10-09,5.63
5/20/1988,10.52,,,2008-10-16,6.14
5/27/1988,10.58,,,2008-10-23,5.72
6/3/1988,10.58,,,2008-10-30,6.19
6/10/1988,10.51,,,2008-11-06,5.88
6/17/1988,10.35,,,2008-11-13,5.81
6/24/1988,10.4,,,2008-11-20,5.73
7/1/1988,10.39,,,2008-11-26,5.74
7/8/1988,10.38,,,2008-12-04,5.33
7/15/1988,10.44,,,2008-12-11,5.20
7/22/1988,10.46,,,2008-12-18,4.92
7/29/1988,10.49,,,2008-12-24,4.91
8/5/1988,10.44,,,2008-12-31,4.83
8/12/1988,10.57,,,2009-01-08,4.62
8/19/1988,10.71,,,2009-01-15,4.65
8/26/1988,10.67,,,2009-01-22,4.80
9/2/1988,10.65,,,2009-01-29,4.80
9/9/1988,10.53,,,2009-02-05,4.92
9/16/1988,10.4,,,2009-02-12,4.81
9/23/1988,10.4,,,2009-02-19,4.68
9/30/1988,10.42,,,2009-02-26,4.68
10/7/1988,10.38,,,2009-03-05,4.72
10/14/1988,10.33,,,2009-03-12,4.64
10/21/1988,10.28,,,2009-03-19,4.61
10/28/1988,10.22,,,2009-03-26,4.58
11/4/1988,10.12,,,2009-04-02,4.52
11/11/1988,10.24,,,2009-04-09,4.54
11/18/1988,10.31,,,2009-04-16,4.48
11/25/1988,10.39,,,2009-04-23,4.48
12/2/1988,10.44,,,2009-04-30,4.48
12/9/1988,10.46,,,2009-05-07,4.51
12/16/1988,10.71,,,2009-05-14,4.52
12/23/1988,10.68,,,2009-05-21,4.50
12/30/1988,10.77,,,2009-05-28,4.53
1/6/1989,10.8,,,2009-06-04,4.79
1/13/1989,10.81,,,2009-06-11,5.06
1/20/1989,10.71,,,2009-06-18,4.89
1/27/1989,10.6,,,2009-06-25,4.87
2/3/1989,10.55,,,2009-07-02,4.77
2/10/1989,10.56,,,2009-07-09,4.69
2/17/1989,10.69,,,2009-07-16,4.63
2/24/1989,10.78,,,2009-07-23,4.68
3/3/1989,10.91,,,2009-07-30,4.69
3/10/1989,10.86,,,2009-08-06,4.63
3/17/1989,10.98,,,2009-08-13,4.68
3/24/1989,11.22,,,2009-08-20,4.56
3/31/1989,11.19,,,2009-08-27,4.58
4/7/1989,11.07,,,2009-09-03,4.54
4/14/1989,11.11,,,2009-09-10,4.50
4/21/1989,10.99,,,2009-09-17,4.47
4/28/1989,11.03,,,2009-09-24,4.46
5/5/1989,10.97,,,2009-10-01,4.36
5/12/1989,10.93,,,2009-10-08,4.33
5/19/1989,10.69,,,2009-10-15,4.37
5/26/1989,10.5,,,2009-10-22,4.43
6/2/1989,10.48,,,2009-10-29,4.46
6/9/1989,10.2,,,2009-11-05,4.40
6/16/1989,10.04,,,2009-11-12,4.36
6/23/1989,10.19,,,2009-11-19,4.32
6/30/1989,10.07,,,2009-11-25,4.29
7/7/1989,10.03,,,2009-12-03,4.27
7/14/1989,9.82,,,2009-12-10,4.32
7/21/1989,9.87,,,2009-12-17,4.38
7/28/1989,9.81,,,2009-12-24,4.45
8/4/1989,9.68,,,2009-12-31,4.54
8/11/1989,9.96,,,2010-01-07,4.50
8/18/1989,10.09,,,2010-01-14,4.45
8/25/1989,10.21,,,2010-01-21,4.40
9/1/1989,10.22,,,2010-01-28,4.39
9/8/1989,10.17,,,2010-02-04,4.40
9/15/1989,10.05,,,2010-02-11,4.34
9/22/1989,10.03,,,2010-02-18,4.33
9/29/1989,10.16,,,2010-02-25,4.40
10/6/1989,10.1,,,2010-03-04,4.33
10/13/1989,9.95,,,2010-03-11,4.32
10/20/1989,9.92,,,2010-03-18,4.33
10/27/1989,9.82,,,2010-03-25,4.34
11/3/1989,9.82,,,2010-04-01,4.39
11/10/1989,9.79,,,2010-04-08,4.52
11/17/1989,9.72,,,2010-04-15,4.40
11/24/1989,9.74,,,2010-04-22,4.39
12/1/1989,9.74,,,2010-04-29,4.39
12/8/1989,9.76,,,2010-05-06,4.36
12/15/1989,9.75,,,2010-05-13,4.30
12/22/1989,9.69,,,2010-05-20,4.24
12/29/1989,9.78,,,2010-05-27,4.21
1/5/1990,9.83,,,2010-06-03,4.20
1/12/1990,9.8,,,2010-06-10,4.17
1/19/1990,9.9,,,2010-06-17,4.20
1/26/1990,10.05,,,2010-06-24,4.13
2/2/1990,10.17,,,2010-07-01,4.04
2/9/1990,10.21,,,2010-07-08,4.07
2/16/1990,10.1,,,2010-07-15,4.06
2/23/1990,10.31,,,2010-07-22,4.03
3/2/1990,10.23,,,2010-07-29,4.00
3/9/1990,10.29,,,2010-08-05,3.95
3/16/1990,10.34,,,2010-08-12,3.92
3/23/1990,10.26,,,2010-08-19,3.90
3/30/1990,10.22,,,2010-08-26,3.86
4/6/1990,10.26,,,2010-09-02,3.83
4/13/1990,10.25,,,2010-09-09,3.83
4/20/1990,10.41,,,2010-09-16,3.82
4/27/1990,10.56,,,2010-09-23,3.82
5/4/1990,10.67,,,2010-09-30,3.75
5/11/1990,10.54,,,2010-10-07,3.72
5/18/1990,10.37,,,2010-10-14,3.62
5/25/1990,10.33,,,2010-10-21,3.64
6/1/1990,10.29,,,2010-10-28,3.66
6/8/1990,10.1,,,2010-11-04,3.63
6/15/1990,10.12,,,2010-11-11,3.57
6/22/1990,10.16,,,2010-11-18,3.76
6/29/1990,10.15,,,2010-11-24,3.77
7/6/1990,10.06,,,2010-12-02,3.81
7/13/1990,10.11,,,2010-12-09,3.96
7/20/1990,9.99,,,2010-12-16,4.17
7/27/1990,9.98,,,2010-12-23,4.15
8/3/1990,9.84,,,2010-12-30,4.20
8/10/1990,10.08,,,2011-01-06,4.13
8/17/1990,10.05,,,2011-01-13,4.08
8/24/1990,10.29,,,2011-01-20,4.05
8/31/1990,10.24,,,2011-01-27,4.09
9/7/1990,10.19,,,2011-02-03,4.08
9/14/1990,10.13,,,2011-02-10,4.29
9/21/1990,10.16,,,2011-02-17,4.27
9/28/1990,10.22,,,2011-02-24,4.22
10/5/1990,10.08,,,2011-03-03,4.15
10/12/1990,10.22,,,2011-03-10,4.15
10/19/1990,10.24,,,2011-03-17,3.97
10/26/1990,10.17,,,2011-03-24,4.04
11/2/1990,10.13,,,2011-03-31,4.09
11/9/1990,10.09,,,2011-04-07,4.10
11/16/1990,10.02,,,2011-04-14,4.13
11/23/1990,9.93,,,2011-04-21,4.02
11/30/1990,9.9,,,2011-04-28,3.97
12/7/1990,9.81,,,2011-05-05,3.89
12/14/1990,9.56,,,2011-05-12,3.82
12/21/1990,9.64,,,2011-05-19,3.80
12/28/1990,9.68,,,2011-05-26,3.78
1/4/1991,9.56,,,2011-06-02,3.74
1/11/1991,9.63,,,2011-06-09,3.68
1/18/1991,9.75,,,2011-06-16,3.67
1/25/1991,9.61,,,2011-06-23,3.69
2/1/1991,9.56,,,2011-06-30,3.69
2/8/1991,9.36,,,2011-07-07,3.75
2/15/1991,9.25,,,2011-07-14,3.65
2/22/1991,9.29,,,2011-07-21,3.66
3/1/1991,9.4,,,2011-07-27,3.66
3/8/1991,9.49,,,2011-08-04,3.54
3/15/1991,9.5,,,2011-08-11,3.50
3/22/1991,9.59,,,2011-08-18,3.36
3/29/1991,9.52,,,2011-08-25,3.44
4/5/1991,9.49,,,2011-09-01,3.39
4/12/1991,9.48,,,2011-09-08,3.33
4/19/1991,9.47,,,2011-09-15,3.30
4/26/1991,9.53,,,2011-09-22,3.29
5/3/1991,9.47,,,2011-09-29,3.28
5/10/1991,9.47,,,2011-10-06,3.26
5/17/1991,9.5,,,2011-10-13,3.37
5/24/1991,9.47,,,2011-10-20,3.38
5/31/1991,9.45,,,2011-10-27,3.38
6/7/1991,9.48,,,2011-11-03,3.31
6/14/1991,9.66,,,2011-11-10,3.30
6/21/1991,9.65,,,2011-11-17,3.31
6/28/1991,9.67,,,2011-11-23,3.30
7/5/1991,9.62,,,2011-12-01,3.30
7/12/1991,9.64,,,2011-12-08,3.27
7/19/1991,9.54,,,2011-12-15,3.21
7/26/1991,9.5,,,2011-12-22,3.21
8/2/1991,9.44,,,2011-12-29,3.24
8/9/1991,9.27,,,2012-01-05,3.23
8/16/1991,9.19,,,2012-01-12,3.16
8/23/1991,9.17,,,2012-01-19,3.17
8/30/1991,9.15,,,2012-01-26,3.24
9/6/1991,9.14,,,2012-02-02,3.14
9/13/1991,9.02,,,2012-02-09,3.16
9/20/1991,8.95,,,2012-02-16,3.16
9/27/1991,8.92,,,2012-02-23,3.19
10/4/1991,8.87,,,2012-03-01,3.17
10/11/1991,8.82,,,2012-03-08,3.13
10/18/1991,8.82,,,2012-03-15,3.16
10/25/1991,8.91,,,2012-03-22,3.30
11/1/1991,8.78,,,2012-03-29,3.23
11/8/1991,8.76,,,2012-04-05,3.21
11/15/1991,8.69,,,2012-04-12,3.11
11/22/1991,8.63,,,2012-04-19,3.13
11/29/1991,8.7,,,2012-04-26,3.12
12/6/1991,8.62,,,2012-05-03,3.07
12/13/1991,8.53,,,2012-05-10,3.05
12/20/1991,8.49,,,2012-05-17,3.04
12/27/1991,8.35,,,2012-05-24,3.04
1/3/1992,8.24,,,2012-05-31,2.97
1/10/1992,8.23,,,2012-06-07,2.94
1/17/1992,8.45,,,2012-06-14,2.98
1/24/1992,8.56,,,2012-06-21,2.95
1/31/1992,8.68,,,2012-06-28,2.94
2/7/1992,8.67,,,2012-07-05,2.89
2/14/1992,8.73,,,2012-07-12,2.86
2/21/1992,8.82,,,2012-07-19,2.83
2/28/1992,8.83,,,2012-07-26,2.80
3/6/1992,8.85,,,2012-08-02,2.83
3/13/1992,8.88,,,2012-08-09,2.84
3/20/1992,9.03,,,2012-08-16,2.88
3/27/1992,8.98,,,2012-08-23,2.89
4/3/1992,8.96,,,2012-08-30,2.86
4/10/1992,8.84,,,2012-09-06,2.86
4/17/1992,8.76,,,2012-09-13,2.85
4/24/1992,8.85,,,2012-09-20,2.77
5/1/1992,8.84,,,2012-09-27,2.73
5/8/1992,8.75,,,2012-10-04,2.69
5/15/1992,8.64,,,2012-10-11,2.70
5/22/1992,8.53,,,2012-10-18,2.66
5/29/1992,8.6,,,2012-10-25,2.72
6/5/1992,8.59,,,2012-11-01,2.70
6/12/1992,8.54,,,2012-11-08,2.69
6/19/1992,8.48,,,2012-11-15,2.65
6/26/1992,8.43,,,2012-11-21,2.63
7/3/1992,8.29,,,2012-11-29,2.64
7/10/1992,8.13,,,2012-12-06,2.67
7/17/1992,8.09,,,2012-12-13,2.66
7/24/1992,8.08,,,2012-12-20,2.65
7/31/1992,8.05,,,2012-12-27,2.65
8/7/1992,8.06,,,2013-01-03,2.64
8/14/1992,7.96,,,2013-01-10,2.66
8/21/1992,7.87,,,2013-01-17,2.66
8/28/1992,8.01,,,2013-01-24,2.71
9/4/1992,7.94,,,2013-01-31,2.81
9/11/1992,7.84,,,2013-02-07,2.77
9/18/1992,7.89,,,2013-02-14,2.77
9/24/1992,8.02,,,2013-02-21,2.77
10/2/1992,7.93,,,2013-02-28,2.76
10/9/1992,8.01,,,2013-03-07,2.76
10/16/1992,8.06,,,2013-03-14,2.79
10/23/1992,8.23,,,2013-03-21,2.72
10/30/1992,8.21,,,2013-03-28,2.76
11/6/1992,8.29,,,2013-04-04,2.74
11/13/1992,8.32,,,2013-04-11,2.65
11/20/1992,8.32,,,2013-04-18,2.64
11/27/1992,8.29,,,2013-04-25,2.61
12/4/1992,8.34,,,2013-05-02,2.56
12/11/1992,8.23,,,2013-05-09,2.61
12/18/1992,8.19,,,2013-05-16,2.69
12/25/1992,8.13,,,2013-05-23,2.77
12/31/1992,8.14,,,2013-05-30,2.98
1/8/1993,8.07,,,2013-06-06,3.03
1/15/1993,8.04,,,2013-06-13,3.10
1/22/1993,8,,,2013-06-20,3.04
1/29/1993,7.86,,,2013-06-27,3.50
2/5/1993,7.8,,,2013-07-03,3.39
2/12/1993,7.75,,,2013-07-11,3.53
2/19/1993,7.65,,,2013-07-18,3.41
2/26/1993,7.53,,,2013-07-25,3.39
3/5/1993,7.44,,,2013-08-01,3.43
3/12/1993,7.47,,,2013-08-08,3.43
3/19/1993,7.57,,,2013-08-15,3.44
3/26/1993,7.5,,,2013-08-22,3.60
4/2/1993,7.53,,,2013-08-29,3.54
4/9/1993,7.57,,,2013-09-05,3.59
4/16/1993,7.45,,,2013-09-12,3.59
4/23/1993,7.38,,,2013-09-19,3.54
4/30/1993,7.43,,,2013-09-26,3.37
5/7/1993,7.42,,,2013-10-03,3.29
5/14/1993,7.42,,,2013-10-10,3.31
5/21/1993,7.52,,,2013-10-17,3.33
5/28/1993,7.5,,,2013-10-24,3.24
6/4/1993,7.47,,,2013-10-31,3.20
6/11/1993,7.48,,,2013-11-07,3.27
6/18/1993,7.38,,,2013-11-14,3.35
6/25/1993,7.34,,,2013-11-21,3.27
7/2/1993,7.23,,,2013-11-27,3.30
7/9/1993,7.19,,,2013-12-05,3.47
7/16/1993,7.16,,,2013-12-12,3.43
7/23/1993,7.2,,,2013-12-19,3.51
7/30/1993,7.25,,,2013-12-26,3.52
8/6/1993,7.21,,,2014-01-02,3.55
8/13/1993,7.17,,,2014-01-09,3.56
8/20/1993,7.1,,,2014-01-16,3.45
8/27/1993,6.97,,,2014-01-23,3.44
9/3/1993,6.93,,,2014-01-30,3.40
9/10/1993,6.82,,,2014-02-06,3.33
9/17/1993,6.96,,,2014-02-13,3.33
9/24/1993,6.95,,,2014-02-20,3.35
10/1/1993,6.89,,,2014-02-27,3.39
10/8/1993,6.87,,,2014-03-06,3.32
10/15/1993,6.81,,,2014-03-13,3.38
10/22/1993,6.74,,,2014-03-20,3.32
10/29/1993,6.86,,,2014-03-27,3.42
11/5/1993,7.11,,,2014-04-03,3.47
11/12/1993,7.12,,,2014-04-10,3.38
11/19/1993,7.08,,,2014-04-17,3.33
11/26/1993,7.31,,,2014-04-24,3.39
12/4/1993,7.25,,,2014-05-01,3.38
12/10/1993,7.14,,,2014-05-08,3.32
12/17/1993,7.17,,,2014-05-15,3.29
12/24/1993,7.17,,,2014-05-22,3.25
12/31/1993,7.13,,,2014-05-29,3.21
1/7/1994,7.23,,,2014-06-05,3.23
1/14/1994,6.99,,,2014-06-12,3.31
1/21/1994,7.05,,,2014-06-19,3.30
1/28/1994,6.97,,,2014-06-26,3.22
2/4/1994,6.97,,,2014-07-03,3.22
2/11/1994,7.21,,,2014-07-10,3.24
2/18/1994,7.11,,,2014-07-17,3.23
2/25/1994,7.32,,,2014-07-24,3.26
3/4/1994,7.51,,,2014-07-31,3.23
3/11/1994,7.63,,,2014-08-07,3.27
3/18/1994,7.76,,,2014-08-14,3.24
3/25/1994,7.8,,,2014-08-21,3.23
4/1/1994,8.04,,,2014-08-28,3.25
4/8/1994,8.47,,,2014-09-04,3.24
4/15/1994,8.26,,,2014-09-11,3.26
4/22/1994,8.49,,,2014-09-18,3.37
4/29/1994,8.32,,,2014-09-25,3.36
5/6/1994,8.53,,,2014-10-02,3.36
5/13/1994,8.77,,,2014-10-09,3.30
5/20/1994,8.56,,,2014-10-16,3.18
5/27/1994,8.53,,,2014-10-23,3.08
6/3/1994,8.55,,,2014-10-30,3.13
6/10/1994,8.25,,,2014-11-06,3.21
6/17/1994,8.33,,,2014-11-13,3.20
6/24/1994,8.46,,,2014-11-20,3.17
7/1/1994,8.57,,,2014-11-26,3.17
7/8/1994,8.68,,,2014-12-04,3.10
7/15/1994,8.72,,,2014-12-11,3.20
7/22/1994,8.53,,,2014-12-18,3.09
7/29/1994,8.57,,,2014-12-24,3.10
8/5/1994,8.38,,,2014-12-31,3.15
8/12/1994,8.57,,,2015-01-08,3.05
8/19/1994,8.54,,,2015-01-15,2.98
8/26/1994,8.56,,,2015-01-22,2.93
9/2/1994,8.48,,,2015-01-29,2.98
9/9/1994,8.51,,,2015-02-05,2.92
9/16/1994,8.66,,,2015-02-12,2.99
9/23/1994,8.73,,,2015-02-19,3.05
9/30/1994,8.82,,,2015-02-26,3.07
10/7/1994,8.89,,,2015-03-05,3.03
10/14/1994,8.93,,,2015-03-12,3.10
10/21/1994,8.85,,,2015-03-19,3.06
10/28/1994,9.03,,,2015-03-26,2.97
11/4/1994,9.05,,,2015-04-02,2.98
11/11/1994,9.19,,,2015-04-09,2.93
11/18/1994,9.19,,,2015-04-16,2.94
11/25/1994,9.25,,,2015-04-23,2.92
12/2/1994,9.23,,,2015-04-30,2.94
12/9/1994,9.15,,,2015-05-07,3.02
12/16/1994,9.25,,,2015-05-14,3.07
12/23/1994,9.18,,,2015-05-21,3.05
12/30/1994,9.18,,,2015-05-28,3.11
1/6/1995,9.22,,,2015-06-04,3.08
1/13/1995,9.19,,,2015-06-11,3.25
1/20/1995,9.05,,,2015-06-18,3.23
1/27/1995,9.13,,,2015-06-25,3.21
2/3/1995,8.94,,,2015-07-02,3.24
2/10/1995,8.8,,,2015-07-09,3.20
2/17/1995,8.84,,,2015-07-16,3.25
2/24/1995,8.73,,,2015-07-23,3.21
3/3/1995,8.53,,,2015-07-30,3.17
3/10/1995,8.62,,,2015-08-06,3.13
3/17/1995,8.38,,,2015-08-13,3.17
3/24/1995,8.4,,,2015-08-20,3.15
3/31/1995,8.38,,,2015-08-27,3.06
4/7/1995,8.41,,,2015-09-03,3.09
4/14/1995,8.37,,,2015-09-10,3.10
4/21/1995,8.24,,,2015-09-17,3.11
4/28/1995,8.26,,,2015-09-24,3.08
5/5/1995,8.27,,,2015-10-01,3.07
5/12/1995,7.87,,,2015-10-08,2.99
5/19/1995,7.83,,,2015-10-15,3.03
5/26/1995,7.85,,,2015-10-22,2.98
6/2/1995,7.71,,,2015-10-29,2.98
6/9/1995,7.51,,,2015-11-05,3.09
6/16/1995,7.55,,,2015-11-12,3.20
6/23/1995,7.53,,,2015-11-19,3.18
6/30/1995,7.53,,,2015-11-25,3.18
7/7/1995,7.63,,,2015-12-03,3.16
7/14/1995,7.41,,,2015-12-10,3.19
7/21/1995,7.6,,,2015-12-17,3.22
7/28/1995,7.79,,,2015-12-24,3.22
8/4/1995,7.82,,,2015-12-31,3.24
8/11/1995,7.8,,,2016-01-07,3.26
8/18/1995,7.94,,,2016-01-14,3.19
8/25/1995,7.88,,,2016-01-21,3.10
9/1/1995,7.76,,,2016-01-28,3.07
9/8/1995,7.63,,,2016-02-04,3.01
9/15/1995,7.6,,,2016-02-11,2.95
9/22/1995,7.57,,,2016-02-18,2.95
9/29/1995,7.62,,,2016-02-25,2.93
10/6/1995,7.57,,,2016-03-03,2.94
10/13/1995,7.5,,,2016-03-10,2.96
10/20/1995,7.38,,,2016-03-17,2.99
10/27/1995,7.45,,,2016-03-24,2.96
11/3/1995,7.44,,,2016-03-31,2.98
11/9/1995,7.37,,,2016-04-07,2.88
11/17/1995,7.35,,,2016-04-14,2.86
11/24/1995,7.35,,,2016-04-21,2.85
12/1/1995,7.33,,,2016-04-28,2.89
12/8/1995,7.18,,,2016-05-05,2.86
12/15/1995,7.15,,,2016-05-12,2.81
12/22/1995,7.23,,,2016-05-19,2.81
12/29/1995,7.11,,,2016-05-26,2.89
1/5/1996,7.02,,,2016-06-02,2.92
1/12/1996,7.08,,,2016-06-09,2.87
1/19/1996,7.02,,,2016-06-16,2.81
1/26/1996,7,,,2016-06-23,2.83
2/2/1996,7.02,,,2016-06-30,2.78
2/9/1996,7.02,,,2016-07-07,2.74
2/16/1996,6.94,,,2016-07-14,2.72
2/23/1996,7.32,,,2016-07-21,2.75
3/1/1996,7.41,,,2016-07-28,2.78
3/8/1996,7.38,,,2016-08-04,2.74
3/15/1996,7.83,,,2016-08-11,2.76
3/22/1996,7.81,,,2016-08-18,2.74
3/29/1996,7.69,,,2016-08-25,2.74
4/5/1996,7.78,,,2016-09-01,2.77
4/12/1996,8.05,,,2016-09-08,2.76
4/19/1996,7.95,,,2016-09-15,2.77
4/26/1996,7.92,,,2016-09-22,2.76
5/3/1996,7.99,,,2016-09-29,2.72
5/10/1996,8.24,,,2016-10-06,2.72
5/17/1996,8.08,,,2016-10-13,2.76
5/24/1996,8.01,,,2016-10-20,2.79
5/31/1996,8.03,,,2016-10-27,2.78
6/7/1996,8.3,,,2016-11-03,2.84
6/14/1996,8.39,,,2016-11-10,2.88
6/21/1996,8.3,,,2016-11-17,3.14
6/28/1996,8.29,,,2016-11-23,3.25
7/5/1996,8.14,,,2016-12-01,3.34
7/12/1996,8.42,,,2016-12-08,3.36
7/19/1996,8.23,,,2016-12-15,3.37
7/26/1996,8.19,,,2016-12-22,3.52
8/2/1996,8.23,,,2016-12-29,3.55
8/9/1996,7.88,,,2017-01-05,3.44
8/16/1996,7.88,,,2017-01-12,3.37
8/23/1996,7.93,,,2017-01-19,3.34
8/30/1996,8.09,,,2017-01-26,3.40
9/6/1996,8.34,,,2017-02-02,3.41
9/13/1996,8.28,,,2017-02-09,3.39
9/20/1996,8.14,,,2017-02-16,3.35
9/27/1996,8.16,,,2017-02-23,3.37
10/4/1996,8.06,,,2017-03-02,3.32
10/11/1996,7.86,,,2017-03-09,3.42
10/18/1996,7.88,,,2017-03-16,3.50
10/25/1996,7.86,,,2017-03-23,3.44
11/1/1996,7.78,,,2017-03-30,3.39
11/8/1996,7.67,,,2017-04-06,3.36
11/15/1996,7.59,,,2017-04-13,3.34
11/22/1996,7.53,,,2017-04-20,3.23
11/29/1996,7.52,,,2017-04-27,3.27
12/6/1996,7.44,,,2017-05-04,3.27
12/13/1996,7.57,,,2017-05-11,3.29
12/20/1996,7.74,,,2017-05-18,3.27
12/27/1996,7.64,,,2017-05-25,3.19
1/3/1997,7.67,,,2017-06-01,3.19
1/10/1997,7.85,,,2017-06-08,3.16
1/17/1997,7.87,,,2017-06-15,3.18
1/24/1997,7.85,,,2017-06-22,3.17
1/31/1997,7.88,,,2017-06-29,3.17
2/7/1997,7.74,,,2017-07-06,3.22
2/14/1997,7.65,,,2017-07-13,3.29
2/21/1997,7.56,,,2017-07-20,3.23
2/28/1997,7.65,,,2017-07-27,3.20
3/7/1997,7.84,,,2017-08-03,3.18
3/14/1997,7.84,,,2017-08-10,3.18
3/21/1997,7.94,,,2017-08-17,3.16
3/28/1997,7.97,,,2017-08-24,3.16
4/4/1997,8.18,,,2017-08-31,3.12
4/11/1997,8.15,,,2017-09-07,3.08
4/18/1997,8.16,,,2017-09-14,3.08
4/25/1997,8.08,,,2017-09-21,3.13
5/2/1997,8.01,,,2017-09-28,3.13
5/9/1997,7.94,,,2017-10-05,3.15
5/16/1997,7.91,,,2017-10-12,3.21
5/23/1997,7.92,,,2017-10-19,3.19
5/30/1997,7.94,,,2017-10-26,3.25
6/6/1997,7.85,,,2017-11-02,3.27
6/13/1997,7.72,,,2017-11-09,3.24
6/20/1997,7.61,,,2017-11-16,3.31
6/27/1997,7.58,,,2017-11-22,3.32
7/4/1997,7.62,,,2017-11-30,3.30
7/11/1997,7.47,,,2017-12-07,3.36
7/18/1997,7.47,,,2017-12-14,3.36
7/25/1997,7.43,,,2017-12-21,3.38
8/1/1997,7.36,,,2017-12-28,3.44
8/8/1997,7.46,,,2018-01-04,3.38
8/15/1997,7.54,,,2018-01-11,3.44
8/22/1997,7.46,,,2018-01-18,3.49
8/29/1997,7.58,,,2018-01-25,3.62
9/5/1997,7.53,,,2018-02-01,3.68
9/12/1997,7.53,,,2018-02-08,3.77
9/19/1997,7.38,,,2018-02-15,3.84
9/26/1997,7.28,,,2018-02-22,3.85
10/3/1997,7.31,,,2018-03-01,3.90
10/10/1997,7.26,,,2018-03-08,3.94
10/17/1997,7.34,,,2018-03-15,3.90
10/24/1997,7.35,,,2018-03-22,3.91
10/31/1997,7.21,,,2018-03-29,3.90
11/7/1997,7.24,,,2018-04-05,3.87
11/14/1997,7.23,,,2018-04-12,3.87
11/21/1997,7.18,,,2018-04-19,3.94
11/28/1997,7.17,,,2018-04-26,4.02
12/5/1997,7.15,,,2018-05-03,4.03
12/12/1997,7.17,,,2018-05-10,4.01
12/19/1997,7.07,,,2018-05-17,4.08
12/26/1997,6.99,,,2018-05-24,4.15
1/2/1998,7.03,,,2018-05-31,4.06
1/9/1998,6.94,,,2018-06-07,4.01
1/16/1998,6.89,,,2018-06-14,4.07
1/23/1998,6.99,,,2018-06-21,4.04
1/30/1998,7.12,,,2018-06-28,4.04
2/6/1998,7.03,,,2018-07-05,3.99
2/13/1998,7.06,,,2018-07-12,4.02
2/20/1998,6.99,,,2018-07-19,4.00
2/28/1998,7.09,,,2018-07-26,4.02
3/6/1998,7.19,,,2018-08-02,4.08
3/13/1998,7.16,,,2018-08-09,4.05
3/20/1998,7.08,,,2018-08-16,4.01
3/27/1998,7.08,,,2018-08-23,3.98
4/3/1998,7.15,,,2018-08-30,3.97
4/10/1998,7.09,,,2018-09-06,3.99
4/17/1998,7.17,,,2018-09-13,4.06
4/24/1998,7.15,,,2018-09-20,4.11
5/1/1998,7.22,,,2018-09-27,4.16
5/8/1998,7.14,,,2018-10-04,4.15
5/15/1998,7.19,,,2018-10-11,4.29
5/22/1998,7.1,,,2018-10-18,4.26
5/29/1998,7.07,,,2018-10-25,4.29
6/5/1998,7.05,,,2018-11-01,4.23
6/12/1998,7.04,,,2018-11-08,4.33
6/19/1998,6.94,,,2018-11-15,4.36
6/26/1998,6.96,,,2018-11-21,4.24
7/3/1998,6.98,,,2018-11-29,4.25
7/10/1998,6.91,,,2018-12-06,4.21
7/17/1998,6.94,,,2018-12-13,4.07
7/24/1998,6.96,,,2018-12-20,4.07
7/31/1998,6.97,,,2018-12-27,4.01
8/7/1998,6.94,,,2019-01-03,3.99
8/14/1998,6.91,,,2019-01-10,3.89
8/21/1998,6.92,,,2019-01-17,3.88
8/28/1998,6.92,,,2019-01-24,3.88
9/4/1998,6.82,,,2019-01-31,3.89
9/11/1998,6.77,,,2019-02-07,3.84
9/18/1998,6.66,,,2019-02-14,3.81
9/25/1998,6.64,,,2019-02-21,3.78
10/2/1998,6.6,,,2019-02-28,3.77
10/9/1998,6.49,,,2019-03-07,3.83
10/16/1998,6.9,,,2019-03-14,3.76
10/23/1998,6.73,,,2019-03-21,3.71
10/30/1998,6.83,,,2019-03-28,3.57
11/6/1998,6.89,,,2019-04-04,3.56
11/13/1998,6.93,,,2019-04-11,3.60
11/20/1998,6.86,,,2019-04-18,3.62
11/27/1998,6.78,,,2019-04-25,3.64
12/4/1998,6.71,,,2019-05-02,3.60
12/11/1998,6.69,,,2019-05-09,3.57
12/18/1998,6.69,,,2019-05-16,3.53
12/25/1998,6.77,,,2019-05-23,3.51
12/31/1998,6.83,,,2019-05-30,3.46
1/8/1999,6.79,,,2019-06-06,3.28
1/15/1999,6.83,,,2019-06-13,3.26
1/22/1999,6.78,,,2019-06-20,3.25
1/29/1999,6.74,,,2019-06-27,3.16
2/5/1999,6.75,,,2019-07-03,3.18
2/12/1999,6.77,,,2019-07-11,3.22
2/19/1999,6.82,,,2019-07-18,3.23
2/26/1999,6.89,,,2019-07-25,3.18
3/5/1999,7.06,,,2019-08-01,3.20
3/12/1999,7.11,,,2019-08-08,3.05
3/19/1999,7.01,,,2019-08-15,3.07
3/26/1999,6.98,,,2019-08-22,3.03
4/2/1999,6.98,,,2019-08-29,3.06
4/9/1999,6.92,,,2019-09-05,3.00
4/16/1999,6.87,,,2019-09-12,3.09
4/23/1999,6.88,,,2019-09-19,3.21
4/30/1999,6.93,,,2019-09-26,3.16
5/7/1999,7.02,,,2019-10-03,3.14
5/14/1999,7.1,,,2019-10-10,3.05
5/21/1999,7.23,,,2019-10-17,3.15
5/28/1999,7.23,,,2019-10-24,3.18
6/4/1999,7.41,,,2019-10-31,3.19
6/11/1999,7.51,,,2019-11-07,3.13
6/18/1999,7.65,,,2019-11-14,3.20
6/25/1999,7.63,,,2019-11-21,3.15
7/2/1999,7.71,,,2019-11-27,3.15
7/9/1999,7.65,,,2019-12-05,3.14
7/16/1999,7.58,,,2019-12-12,3.19
7/23/1999,7.52,,,2019-12-19,3.19
7/30/1999,7.7,,,2019-12-26,3.19
8/6/1999,7.89,,,2020-01-02,3.16
8/13/1999,8.15,,,2020-01-09,3.07
8/20/1999,7.93,,,2020-01-16,3.09
8/27/1999,7.8,,,2020-01-23,3.04
9/3/1999,7.83,,,2020-01-30,3.00
9/10/1999,7.88,,,2020-02-06,2.97
9/17/1999,7.82,,,2020-02-13,2.97
9/24/1999,7.76,,,2020-02-20,2.99
10/1/1999,7.7,,,2020-02-27,2.95
10/8/1999,7.82,,,2020-03-05,2.79
10/15/1999,7.85,,,2020-03-12,2.77
10/22/1999,7.93,,,2020-03-19,3.06
10/29/1999,7.96,,,2020-03-26,2.92
11/5/1999,7.84,,,2020-04-02,2.82
11/12/1999,7.67,,,2020-04-09,2.77
11/19/1999,7.69,,,2020-04-16,2.80
11/26/1999,7.75,,,2020-04-23,2.86
12/3/1999,7.84,,,2020-04-30,2.77
12/10/1999,7.84,,,2020-05-07,2.73
12/17/1999,7.86,,,2020-05-14,2.72
12/24/1999,7.96,,,2020-05-21,2.70
12/31/1999,8.06,,,2020-05-28,2.62
1/7/2000,8.15,,,2020-06-04,2.62
1/14/2000,8.18,,,2020-06-11,2.62
1/21/2000,8.26,,,2020-06-18,2.58
1/28/2000,8.25,,,2020-06-25,2.59
2/4/2000,8.25,,,2020-07-02,2.56
2/11/2000,8.36,,,2020-07-09,2.51
2/18/2000,8.38,,,2020-07-16,2.48
2/25/2000,8.31,,,2020-07-23,2.54
3/3/2000,8.27,,,,
3/10/2000,8.23,,,,
3/17/2000,8.24,,,,
3/24/2000,8.23,,,,
3/31/2000,8.23,,,,
4/7/2000,8.2,,,,
4/14/2000,8.12,,,,
4/21/2000,8.16,,,,
4/28/2000,8.13,,,,
5/5/2000,8.28,,,,
5/12/2000,8.52,,,,
5/19/2000,8.64,,,,
5/26/2000,8.62,,,,
6/2/2000,8.54,,,,
6/9/2000,8.32,,,,
6/16/2000,8.22,,,,
6/23/2000,8.14,,,,
6/30/2000,8.22,,,,
7/7/2000,8.16,,,,
7/14/2000,8.09,,,,
7/21/2000,8.21,,,,
7/28/2000,8.13,,,,
8/4/2000,8.12,,,,
8/11/2000,8.04,,,,
8/18/2000,7.96,,,,
8/25/2000,7.99,,,,
9/1/2000,7.96,,,,
9/8/2000,7.94,,,,
9/15/2000,7.88,,,,
9/22/2000,7.9,,,,
9/29/2000,7.88,,,,
10/6/2000,7.83,,,,
10/13/2000,7.84,,,,
10/20/2000,7.83,,,,
10/27/2000,7.68,,,,
11/3/2000,7.73,,,,
11/10/2000,7.79,,,,
11/17/2000,7.73,,,,
11/24/2000,7.73,,,,
12/1/2000,7.65,,,,
12/8/2000,7.54,,,,
12/15/2000,7.42,,,,
12/22/2000,7.17,,,,
12/29/2000,7.13,,,,
1/5/2001,7.07,,,,
1/12/2001,6.89,,,,
1/19/2001,7.02,,,,
1/26/2001,7.15,,,,
2/2/2001,7.09,,,,
2/9/2001,6.98,,,,
2/16/2001,7.01,,,,
2/23/2001,7.12,,,,
3/2/2001,7.03,,,,
3/9/2001,6.97,,,,
3/16/2001,6.96,,,,
3/23/2001,6.89,,,,
3/30/2001,6.91,,,,
4/6/2001,7.01,,,,
4/13/2001,7.04,,,,
4/20/2001,7.14,,,,
4/27/2001,7.12,,,,
5/4/2001,7.14,,,,
5/11/2001,7.1,,,,
5/18/2001,7.14,,,,
5/25/2001,7.2,,,,
6/1/2001,7.24,,,,
6/8/2001,7.2,,,,
6/15/2001,7.14,,,,
6/22/2001,7.11,,,,
6/29/2001,7.11,,,,
7/6/2001,7.19,,,,
7/13/2001,7.21,,,,
7/20/2001,7.08,,,,
7/27/2001,7.03,,,,
8/3/2001,7,,,,
8/10/2001,7,,,,
8/17/2001,6.92,,,,
8/24/2001,6.91,,,,
8/31/2001,6.92,,,,
9/7/2001,6.89,,,,
9/14/2001,6.86,,,,
9/21/2001,6.8,,,,
9/28/2001,6.72,,,,
10/5/2001,6.64,,,,
10/12/2001,6.58,,,,
10/19/2001,6.61,,,,
10/26/2001,6.64,,,,
11/2/2001,6.56,,,,
11/9/2001,6.45,,,,
11/16/2001,6.51,,,,
11/23/2001,6.75,,,,
11/30/2001,7.02,,,,
12/7/2001,6.84,,,,
12/14/2001,7.09,,,,
12/21/2001,7.17,,,,
12/28/2001,7.16,,,,
1/4/2002,7.14,,,,
1/11/2002,7.06,,,,
1/18/2002,6.83,,,,
1/25/2002,6.96,,,,
2/1/2002,7.02,,,,
2/8/2002,6.88,,,,
2/15/2002,6.86,,,,
2/22/2002,6.81,,,,
3/1/2002,6.8,,,,
3/8/2002,6.87,,,,
3/15/2002,7.08,,,,
3/22/2002,7.14,,,,
3/29/2002,7.18,,,,
4/5/2002,7.13,,,,
4/12/2002,6.99,,,,
4/19/2002,6.94,,,,
4/26/2002,6.88,,,,
5/3/2002,6.78,,,,
5/10/2002,6.79,,,,
5/17/2002,6.89,,,,
5/24/2002,6.81,,,,
5/31/2002,6.76,,,,
6/7/2002,6.71,,,,
6/14/2002,6.71,,,,
6/21/2002,6.63,,,,
6/28/2002,6.55,,,,
7/5/2002,6.57,,,,
7/12/2002,6.54,,,,
7/19/2002,6.49,,,,
7/26/2002,6.34,,,,
8/2/2002,6.43,,,,
8/9/2002,6.31,,,,
8/16/2002,6.22,,,,
8/23/2002,6.27,,,,
8/30/2002,6.22,,,,
9/6/2002,6.15,,,,
9/13/2002,6.18,,,,
9/20/2002,6.05,,,,
9/27/2002,5.99,,,,
10/4/2002,6.01,,,,
10/11/2002,5.98,,,,
10/18/2002,6.15,,,,
10/25/2002,6.31,,,,
11/1/2002,6.13,,,,
11/8/2002,6.11,,,,
11/15/2002,5.94,,,,
11/22/2002,6.03,,,,
11/29/2002,6.13,,,,
12/6/2002,6.19,,,,
12/13/2002,6.04,,,,
12/20/2002,6.03,,,,
12/27/2002,5.93,,,,
1/3/2003,5.85,,,,
1/10/2003,5.95,,,,
1/17/2003,5.97,,,,
1/24/2003,5.91,,,,
1/31/2003,5.9,,,,
2/7/2003,5.88,,,,
2/14/2003,5.86,,,,
2/21/2003,5.84,,,,
2/28/2003,5.79,,,,
3/7/2003,5.67,,,,
3/14/2003,5.61,,,,
3/21/2003,5.79,,,,
3/28/2003,5.91,,,,
4/4/2003,5.79,,,,
4/11/2003,5.85,,,,
4/18/2003,5.82,,,,
4/25/2003,5.79,,,,
5/2/2003,5.7,,,,
5/9/2003,5.62,,,,
5/16/2003,5.45,,,,
5/23/2003,5.34,,,,
5/30/2003,5.31,,,,
6/6/2003,5.26,,,,
6/13/2003,5.21,,,,
6/20/2003,5.21,,,,
6/27/2003,5.24,,,,
7/4/2003,5.4,,,,
7/11/2003,5.52,,,,
7/18/2003,5.67,,,,
7/25/2003,5.94,,,,
8/1/2003,6.14,,,,
8/8/2003,6.34,,,,
8/15/2003,6.24,,,,
8/22/2003,6.28,,,,
8/29/2003,6.32,,,,
9/5/2003,6.44,,,,
9/12/2003,6.16,,,,
9/19/2003,6.01,,,,
9/26/2003,5.98,,,,
10/3/2003,5.77,,,,
10/10/2003,5.95,,,,
10/17/2003,6.05,,,,
10/24/2003,6.05,,,,
10/31/2003,5.94,,,,
11/7/2003,5.98,,,,
11/14/2003,6.03,,,,
11/21/2003,5.83,,,,
11/28/2003,5.89,,,,
12/5/2003,6.02,,,,
12/12/2003,5.88,,,,
12/19/2003,5.82,,,,
12/26/2003,5.81,,,,
12/31/2003,5.85,,,,
1/8/2004,5.87,,,,
1/15/2004,5.66,,,,
1/22/2004,5.64,,,,
1/29/2004,5.68,,,,
2/5/2004,5.72,,,,
2/12/2004,5.66,,,,
2/19/2004,5.58,,,,
2/26/2004,5.58,,,,
3/4/2004,5.59,,,,
3/11/2004,5.41,,,,
3/18/2004,5.38,,,,
3/25/2004,5.4,,,,
4/1/2004,5.52,,,,
4/8/2004,5.79,,,,
4/15/2004,5.89,,,,
4/22/2004,5.94,,,,
4/29/2004,6.01,,,,
5/6/2004,6.12,,,,
5/13/2004,6.34,,,,
5/20/2004,6.3,,,,
5/27/2004,6.32,,,,
6/3/2004,6.28,,,,
6/10/2004,6.3,,,,
6/17/2004,6.32,,,,
6/24/2004,6.25,,,,
7/1/2004,6.21,,,,
7/8/2004,6.01,,,,
7/15/2004,6,,,,
7/22/2004,5.98,,,,
7/29/2004,6.08,,,,
8/5/2004,5.99,,,,
8/12/2004,5.85,,,,
8/19/2004,5.81,,,,
8/26/2004,5.82,,,,
9/2/2004,5.77,,,,
9/9/2004,5.83,,,,
9/16/2004,5.75,,,,
9/23/2004,5.7,,,,
9/30/2004,5.72,,,,
10/7/2004,5.82,,,,
10/14/2004,5.74,,,,
10/21/2004,5.69,,,,
10/28/2004,5.64,,,,
11/4/2004,5.7,,,,
11/11/2004,5.76,,,,
11/18/2004,5.74,,,,
11/24/2004,5.72,,,,
12/2/2004,5.81,,,,
12/9/2004,5.71,,,,
12/16/2004,5.68,,,,
12/22/2004,5.75,,,,
12/29/2004,5.81,,,,
1/6/2005,5.77,,,,
1/13/2005,5.74,,,,
1/20/2005,5.67,,,,
1/27/2005,5.66,,,,
2/3/2005,5.63,,,,
2/10/2005,5.57,,,,
2/17/2005,5.62,,,,
2/24/2005,5.69,,,,
3/3/2005,5.79,,,,
3/10/2005,5.85,,,,
3/17/2005,5.95,,,,
3/24/2005,6.01,,,,
3/31/2005,6.04,,,,
4/7/2005,5.93,,,,
4/14/2005,5.91,,,,
4/21/2005,5.8,,,,
4/28/2005,5.78,,,,
5/5/2005,5.75,,,,
5/12/2005,5.77,,,,
5/19/2005,5.71,,,,
5/26/2005,5.65,,,,
6/2/2005,5.62,,,,
6/9/2005,5.56,,,,
6/16/2005,5.63,,,,
6/23/2005,5.57,,,,
6/30/2005,5.53,,,,
7/7/2005,5.62,,,,
7/14/2005,5.66,,,,
7/21/2005,5.73,,,,
7/28/2005,5.77,,,,
8/4/2005,5.82,,,,
8/11/2005,5.89,,,,
8/18/2005,5.8,,,,
8/25/2005,5.77,,,,
9/1/2005,5.71,,,,
9/8/2005,5.71,,,,
9/15/2005,5.74,,,,
9/22/2005,5.8,,,,
9/29/2005,5.91,,,,
10/6/2005,5.98,,,,
10/13/2005,6.03,,,,
10/20/2005,6.1,,,,
10/27/2005,6.15,,,,
11/3/2005,6.31,,,,
11/10/2005,6.36,,,,
11/17/2005,6.37,,,,
11/23/2005,6.28,,,,
12/1/2005,6.26,,,,
12/8/2005,6.32,,,,
12/15/2005,6.3,,,,
12/22/2005,6.26,,,,
12/29/2005,6.22,,,,
1/5/2006,6.21,,,,
1/12/2006,6.15,,,,
1/19/2006,6.1,,,,
1/26/2006,6.12,,,,
2/2/2006,6.23,,,,
2/9/2006,6.24,,,,
2/16/2006,6.28,,,,
2/23/2006,6.26,,,,
3/2/2006,6.24,,,,
3/9/2006,6.37,,,,
3/16/2006,6.34,,,,
3/23/2006,6.32,,,,
3/30/2006,6.35,,,,
4/6/2006,6.43,,,,
4/13/2006,6.49,,,,
4/20/2006,6.53,,,,
4/27/2006,6.58,,,,
5/4/2006,6.59,,,,
5/11/2006,6.58,,,,
5/18/2006,6.6,,,,
5/25/2006,6.62,,,,
6/1/2006,6.67,,,,
6/8/2006,6.62,,,,
6/15/2006,6.63,,,,
6/22/2006,6.71,,,,
6/29/2006,6.78,,,,
7/6/2006,6.79,,,,
7/13/2006,6.74,,,,
7/20/2006,6.8,,,,
7/27/2006,6.72,,,,
8/3/2006,6.63,,,,
8/10/2006,6.55,,,,
8/17/2006,6.52,,,,
8/24/2006,6.48,,,,
8/31/2006,6.44,,,,
9/7/2006,6.47,,,,
9/14/2006,6.43,,,,
9/21/2006,6.4,,,,
9/28/2006,6.31,,,,
10/5/2006,6.3,,,,
10/12/2006,6.37,,,,
10/19/2006,6.36,,,,
10/26/2006,6.4,,,,
11/2/2006,6.31,,,,
11/9/2006,6.33,,,,
11/16/2006,6.24,,,,
11/22/2006,6.18,,,,
11/30/2006,6.14,,,,
12/7/2006,6.11,,,,
12/14/2006,6.12,,,,
12/21/2006,6.13,,,,
12/28/2006,6.18,,,,
1/4/2007,6.18,,,,
1/11/2007,6.21,,,,
1/18/2007,6.23,,,,
1/25/2007,6.25,,,,
2/1/2007,6.34,,,,
2/8/2007,6.28,,,,
2/15/2007,6.3,,,,
2/22/2007,6.22,,,,
3/1/2007,6.18,,,,
3/8/2007,6.14,,,,
3/15/2007,6.14,,,,
3/22/2007,6.16,,,,
3/29/2007,6.16,,,,
4/5/2007,6.17,,,,
4/12/2007,6.22,,,,
4/19/2007,6.17,,,,
4/26/2007,6.16,,,,
5/3/2007,6.16,,,,
5/10/2007,6.15,,,,
5/17/2007,6.21,,,,
5/24/2007,6.37,,,,
5/31/2007,6.42,,,,
6/7/2007,6.53,,,,
6/14/2007,6.74,,,,
6/21/2007,6.69,,,,
6/28/2007,6.67,,,,
7/5/2007,6.63,,,,
7/12/2007,6.73,,,,
7/19/2007,6.73,,,,
7/26/2007,6.69,,,,
8/2/2007,6.68,,,,
8/9/2007,6.59,,,,
8/16/2007,6.62,,,,
8/23/2007,6.52,,,,
8/30/2007,6.45,,,,
9/6/2007,6.46,,,,
9/13/2007,6.31,,,,
9/20/2007,6.34,,,,
9/27/2007,6.42,,,,
10/4/2007,6.37,,,,
10/11/2007,6.4,,,,
10/18/2007,6.4,,,,
10/25/2007,6.33,,,,
11/1/2007,6.26,,,,
11/8/2007,6.24,,,,
11/15/2007,6.24,,,,
11/21/2007,6.2,,,,
11/29/2007,6.1,,,,
12/6/2007,5.96,,,,
12/13/2007,6.11,,,,
12/20/2007,6.14,,,,
12/27/2007,6.17,,,,
1/3/2008,6.07,,,,
1/10/2008,5.87,,,,
1/17/2008,5.69,,,,
1/24/2008,5.48,,,,
1/31/2008,5.68,,,,
2/7/2008,5.67,,,,
2/14/2008,5.72,,,,
2/21/2008,6.04,,,,
2/28/2008,6.24,,,,
3/6/2008,6.03,,,,
3/13/2008,6.13,,,,
3/20/2008,5.87,,,,
3/27/2008,5.85,,,,
4/3/2008,5.88,,,,
4/10/2008,5.88,,,,
4/17/2008,5.88,,,,
4/24/2008,6.03,,,,
5/1/2008,6.06,,,,
5/8/2008,6.05,,,,
5/15/2008,6.01,,,,
5/22/2008,5.98,,,,
5/29/2008,6.08,,,,
6/5/2008,6.09,,,,
6/12/2008,6.32,,,,
6/19/2008,6.42,,,,
6/26/2008,6.45,,,,
7/3/2008,6.35,,,,
7/10/2008,6.37,,,,
7/17/2008,6.26,,,,
7/24/2008,6.63,,,,
7/31/2008,6.52,,,,
8/7/2008,6.52,,,,
8/14/2008,6.52,,,,
8/21/2008,6.47,,,,
8/28/2008,6.4,,,,
9/4/2008,6.35,,,,
9/11/2008,5.93,,,,
9/18/2008,5.78,,,,
9/25/2008,6.09,,,,
10/2/2008,6.1,,,,
10/9/2008,5.94,,,,
10/16/2008,6.46,,,,
10/23/2008,6.04,,,,
10/30/2008,6.46,,,,
11/6/2008,6.2,,,,
11/13/2008,6.14,,,,
11/20/2008,6.04,,,,
11/26/2008,5.97,,,,
12/4/2008,5.53,,,,
12/11/2008,5.47,,,,
12/18/2008,5.19,,,,
12/24/2008,5.14,,,,
12/31/2008,5.1,,,,
1/8/2009,5.01,,,,
1/15/2009,4.96,,,,
1/22/2009,5.12,,,,
1/29/2009,5.1,,,,
2/5/2009,5.25,,,,
2/12/2009,5.16,,,,
2/19/2009,5.04,,,,
2/26/2009,5.07,,,,
3/5/2009,5.15,,,,
3/12/2009,5.03,,,,
3/19/2009,4.98,,,,
3/26/2009,4.85,,,,
4/2/2009,4.78,,,,
4/9/2009,4.87,,,,
4/16/2009,4.82,,,,
4/23/2009,4.8,,,,
4/30/2009,4.78,,,,
5/7/2009,4.84,,,,
5/14/2009,4.86,,,,
5/21/2009,4.82,,,,
5/28/2009,4.91,,,,
6/4/2009,5.29,,,,
6/11/2009,5.59,,,,
6/18/2009,5.38,,,,
6/25/2009,5.42,,,,
7/2/2009,5.32,,,,
7/9/2009,5.2,,,,
7/16/2009,5.14,,,,
7/23/2009,5.2,,,,
7/30/2009,5.25,,,,
8/6/2009,5.22,,,,
8/13/2009,5.29,,,,
8/20/2009,5.12,,,,
8/27/2009,5.14,,,,
9/3/2009,5.08,,,,
9/10/2009,5.07,,,,
9/17/2009,5.04,,,,
9/24/2009,5.04,,,,
10/1/2009,4.94,,,,
10/8/2009,4.87,,,,
10/15/2009,4.92,,,,
10/22/2009,5,,,,
10/29/2009,5.03,,,,
11/5/2009,4.98,,,,
11/12/2009,4.91,,,,
11/19/2009,4.83,,,,
11/25/2009,4.78,,,,
12/3/2009,4.71,,,,
12/10/2009,4.81,,,,
12/17/2009,4.94,,,,
12/24/2009,5.05,,,,
12/31/2009,5.14,,,,
1/7/2010,5.09,,,,
1/14/2010,5.06,,,,
1/21/2010,4.99,,,,
1/28/2010,4.98,,,,
2/4/2010,5.01,,,,
2/11/2010,4.97,,,,
2/18/2010,4.93,,,,
2/25/2010,5.05,,,,
3/4/2010,4.97,,,,
3/11/2010,4.95,,,,
3/18/2010,4.96,,,,
3/25/2010,4.99,,,,
4/1/2010,5.08,,,,
4/8/2010,5.21,,,,
4/15/2010,5.07,,,,
4/22/2010,5.07,,,,
4/29/2010,5.06,,,,
5/6/2010,5,,,,
5/13/2010,4.93,,,,
5/20/2010,4.84,,,,
5/27/2010,4.78,,,,
6/3/2010,4.79,,,,
6/10/2010,4.72,,,,
6/17/2010,4.75,,,,
6/24/2010,4.69,,,,
7/1/2010,4.58,,,,
7/8/2010,4.57,,,,
7/15/2010,4.57,,,,
7/22/2010,4.56,,,,
7/29/2010,4.54,,,,
8/5/2010,4.49,,,,
8/12/2010,4.44,,,,
8/19/2010,4.42,,,,
8/26/2010,4.36,,,,
9/2/2010,4.32,,,,
9/9/2010,4.35,,,,
9/16/2010,4.37,,,,
9/23/2010,4.37,,,,
9/30/2010,4.32,,,,
10/7/2010,4.27,,,,
10/14/2010,4.19,,,,
10/21/2010,4.21,,,,
10/28/2010,4.23,,,,
11/4/2010,4.24,,,,
11/11/2010,4.17,,,,
11/18/2010,4.39,,,,
11/24/2010,4.4,,,,
12/2/2010,4.46,,,,
12/9/2010,4.61,,,,
12/16/2010,4.83,,,,
12/23/2010,4.81,,,,
12/30/2010,4.86,,,,
1/6/2011,4.77,,,,
1/13/2011,4.71,,,,
1/20/2011,4.74,,,,
1/27/2011,4.8,,,,
2/3/2011,4.81,,,,
2/10/2011,5.05,,,,
2/17/2011,5,,,,
2/24/2011,4.95,,,,
3/3/2011,4.87,,,,
3/10/2011,4.88,,,,
3/17/2011,4.76,,,,
3/24/2011,4.81,,,,
3/31/2011,4.86,,,,
4/7/2011,4.87,,,,
4/14/2011,4.91,,,,
4/21/2011,4.8,,,,
4/28/2011,4.78,,,,
5/5/2011,4.71,,,,
5/12/2011,4.63,,,,
5/19/2011,4.61,,,,
5/26/2011,4.6,,,,
6/2/2011,4.55,,,,
6/9/2011,4.49,,,,
6/16/2011,4.5,,,,
6/23/2011,4.5,,,,
6/30/2011,4.51,,,,
7/7/2011,4.6,,,,
7/14/2011,4.51,,,,
7/21/2011,4.52,,,,
7/28/2011,4.55,,,,
8/4/2011,4.39,,,,
8/11/2011,4.32,,,,
8/18/2011,4.15,,,,
8/25/2011,4.22,,,,
9/1/2011,4.22,,,,
9/8/2011,4.12,,,,
9/15/2011,4.09,,,,
9/22/2011,4.09,,,,
9/29/2011,4.01,,,,
10/6/2011,3.94,,,,
10/13/2011,4.12,,,,
10/20/2011,4.11,,,,
10/27/2011,4.1,,,,
11/3/2011,4,,,,
11/10/2011,3.99,,,,
11/17/2011,4,,,,
11/23/2011,3.98,,,,
12/1/2011,4,,,,
12/8/2011,3.99,,,,
12/15/2011,3.94,,,,
12/22/2011,3.91,,,,
12/29/2011,3.95,,,,
1/5/2012,3.91,,,,
1/12/2012,3.89,,,,
1/19/2012,3.88,,,,
1/26/2012,3.98,,,,
2/2/2012,3.87,,,,
2/9/2012,3.87,,,,
2/16/2012,3.87,,,,
2/23/2012,3.95,,,,
3/1/2012,3.9,,,,
3/8/2012,3.88,,,,
3/15/2012,3.92,,,,
3/22/2012,4.08,,,,
3/29/2012,3.99,,,,
4/5/2012,3.98,,,,
4/12/2012,3.88,,,,
4/19/2012,3.9,,,,
4/26/2012,3.88,,,,
5/3/2012,3.84,,,,
5/10/2012,3.83,,,,
5/17/2012,3.79,,,,
5/24/2012,3.78,,,,
5/31/2012,3.75,,,,
6/7/2012,3.67,,,,
6/14/2012,3.71,,,,
6/21/2012,3.66,,,,
6/28/2012,3.66,,,,
7/5/2012,3.62,,,,
7/12/2012,3.56,,,,
7/19/2012,3.53,,,,
7/26/2012,3.49,,,,
8/2/2012,3.55,,,,
8/9/2012,3.59,,,,
8/16/2012,3.62,,,,
8/23/2012,3.66,,,,
8/30/2012,3.59,,,,
9/6/2012,3.55,,,,
9/13/2012,3.55,,,,
9/20/2012,3.49,,,,
9/27/2012,3.4,,,,
10/4/2012,3.36,,,,
10/11/2012,3.39,,,,
10/18/2012,3.37,,,,
10/25/2012,3.41,,,,
11/1/2012,3.39,,,,
11/8/2012,3.4,,,,
11/15/2012,3.34,,,,
11/21/2012,3.31,,,,
11/29/2012,3.32,,,,
12/6/2012,3.34,,,,
12/13/2012,3.32,,,,
12/20/2012,3.37,,,,
12/27/2012,3.35,,,,
1/3/2013,3.34,,,,
1/10/2013,3.4,,,,
1/17/2013,3.38,,,,
1/24/2013,3.42,,,,
1/31/2013,3.53,,,,
2/7/2013,3.53,,,,
2/14/2013,3.53,,,,
2/21/2013,3.56,,,,
2/28/2013,3.51,,,,
3/7/2013,3.52,,,,
3/14/2013,3.63,,,,
3/21/2013,3.54,,,,
3/28/2013,3.57,,,,
4/4/2013,3.54,,,,
4/11/2013,3.43,,,,
4/18/2013,3.41,,,,
4/25/2013,3.4,,,,
5/2/2013,3.35,,,,
5/9/2013,3.42,,,,
5/16/2013,3.51,,,,
5/23/2013,3.59,,,,
5/30/2013,3.81,,,,
6/6/2013,3.91,,,,
6/13/2013,3.98,,,,
6/20/2013,3.93,,,,
6/27/2013,4.46,,,,
7/3/2013,4.29,,,,
7/11/2013,4.51,,,,
7/18/2013,4.37,,,,
7/25/2013,4.31,,,,
8/1/2013,4.39,,,,
8/8/2013,4.4,,,,
8/15/2013,4.4,,,,
8/22/2013,4.58,,,,
8/29/2013,4.51,,,,
9/5/2013,4.57,,,,
9/12/2013,4.57,,,,
9/19/2013,4.5,,,,
9/26/2013,4.32,,,,
10/3/2013,4.22,,,,
10/10/2013,4.23,,,,
10/17/2013,4.28,,,,
10/24/2013,4.13,,,,
10/31/2013,4.1,,,,
11/7/2013,4.16,,,,
11/14/2013,4.35,,,,
11/21/2013,4.22,,,,
11/27/2013,4.29,,,,
12/5/2013,4.46,,,,
12/12/2013,4.42,,,,
12/19/2013,4.47,,,,
12/26/2013,4.48,,,,
1/2/2014,4.53,,,,
1/9/2014,4.51,,,,
1/16/2014,4.41,,,,
1/23/2014,4.39,,,,
1/30/2014,4.32,,,,
2/6/2014,4.23,,,,
2/13/2014,4.28,,,,
2/20/2014,4.33,,,,
2/27/2014,4.37,,,,
3/6/2014,4.28,,,,
3/13/2014,4.37,,,,
3/20/2014,4.32,,,,
3/27/2014,4.4,,,,
4/3/2014,4.41,,,,
4/10/2014,4.34,,,,
4/17/2014,4.27,,,,
4/24/2014,4.33,,,,
5/1/2014,4.29,,,,
5/8/2014,4.21,,,,
5/15/2014,4.2,,,,
5/22/2014,4.14,,,,
5/29/2014,4.12,,,,
6/5/2014,4.14,,,,
6/12/2014,4.2,,,,
6/19/2014,4.17,,,,
6/26/2014,4.14,,,,
7/3/2014,4.12,,,,
7/10/2014,4.15,,,,
7/17/2014,4.13,,,,
7/24/2014,4.13,,,,
7/31/2014,4.12,,,,
8/7/2014,4.14,,,,
8/14/2014,4.12,,,,
8/21/2014,4.1,,,,
8/28/2014,4.1,,,,
9/4/2014,4.1,,,,
9/11/2014,4.12,,,,
9/18/2014,4.23,,,,
9/25/2014,4.2,,,,
10/2/2014,4.19,,,,
10/9/2014,4.12,,,,
10/16/2014,3.97,,,,
10/23/2014,3.92,,,,
10/30/2014,3.98,,,,
11/6/2014,4.02,,,,
11/13/2014,4.01,,,,
11/20/2014,3.99,,,,
11/26/2014,3.97,,,,
12/4/2014,3.89,,,,
12/11/2014,3.93,,,,
12/18/2014,3.8,,,,
12/24/2014,3.83,,,,
12/31/2014,3.87,,,,
1/8/2015,3.73,,,,
1/15/2015,3.66,,,,
1/22/2015,3.63,,,,
1/29/2015,3.66,,,,
2/5/2015,3.59,,,,
2/12/2015,3.69,,,,
2/19/2015,3.76,,,,
2/26/2015,3.8,,,,
3/5/2015,3.75,,,,
3/12/2015,3.86,,,,
3/19/2015,3.78,,,,
3/26/2015,3.69,,,,
4/2/2015,3.7,,,,
4/9/2015,3.66,,,,
4/16/2015,3.67,,,,
4/23/2015,3.65,,,,
4/30/2015,3.68,,,,
5/7/2015,3.8,,,,
5/14/2015,3.85,,,,
5/21/2015,3.84,,,,
5/28/2015,3.87,,,,
6/4/2015,3.87,,,,
6/11/2015,4.04,,,,
6/18/2015,4,,,,
6/25/2015,4.02,,,,
7/2/2015,4.08,,,,
7/9/2015,4.04,,,,
7/16/2015,4.09,,,,
7/23/2015,4.04,,,,
7/30/2015,3.98,,,,
8/6/2015,3.91,,,,
8/13/2015,3.94,,,,
8/20/2015,3.93,,,,
8/27/2015,3.84,,,,
9/3/2015,3.89,,,,
9/10/2015,3.9,,,,
9/17/2015,3.91,,,,
9/24/2015,3.86,,,,
10/1/2015,3.85,,,,
10/8/2015,3.76,,,,
10/15/2015,3.82,,,,
10/22/2015,3.79,,,,
10/29/2015,3.76,,,,
11/5/2015,3.87,,,,
11/12/2015,3.98,,,,
11/19/2015,3.97,,,,
11/25/2015,3.95,,,,
12/3/2015,3.93,,,,
12/10/2015,3.95,,,,
12/17/2015,3.97,,,,
12/24/2015,3.96,,,,
12/31/2015,4.01,,,,
1/7/2016,3.97,,,,
1/14/2016,3.92,,,,
1/21/2016,3.81,,,,
1/28/2016,3.79,,,,
2/4/2016,3.72,,,,
2/11/2016,3.65,,,,
2/18/2016,3.65,,,,
2/25/2016,3.62,,,,
3/3/2016,3.64,,,,
3/10/2016,3.68,,,,
3/17/2016,3.73,,,,
3/24/2016,3.71,,,,
3/31/2016,3.71,,,,
4/7/2016,3.59,,,,
4/14/2016,3.58,,,,
4/21/2016,3.59,,,,
4/28/2016,3.66,,,,
5/5/2016,3.61,,,,
5/12/2016,3.57,,,,
5/19/2016,3.58,,,,
5/26/2016,3.64,,,,
6/2/2016,3.66,,,,
6/9/2016,3.6,,,,
6/16/2016,3.54,,,,
6/23/2016,3.56,,,,
6/30/2016,3.48,,,,
7/7/2016,3.41,,,,
7/14/2016,3.42,,,,
7/21/2016,3.45,,,,
7/28/2016,3.48,,,,
8/4/2016,3.43,,,,
8/11/2016,3.45,,,,
8/18/2016,3.43,,,,
8/25/2016,3.43,,,,
9/1/2016,3.46,,,,
9/8/2016,3.44,,,,
9/15/2016,3.5,,,,
9/22/2016,3.48,,,,
9/29/2016,3.42,,,,
10/6/2016,3.42,,,,
10/13/2016,3.47,,,,
10/20/2016,3.52,,,,
10/27/2016,3.47,,,,
11/3/2016,3.54,,,,
11/10/2016,3.57,,,,
11/17/2016,3.94,,,,
11/23/2016,4.03,,,,
12/1/2016,4.08,,,,
12/8/2016,4.13,,,,
12/15/2016,4.16,,,,
12/22/2016,4.3,,,,
12/29/2016,4.32,,,,
1/5/2017,4.2,,,,
1/12/2017,4.12,,,,
1/19/2017,4.09,,,,
1/26/2017,4.19,,,,
2/2/2017,4.19,,,,
2/9/2017,4.17,,,,
2/16/2017,4.15,,,,
2/23/2017,4.16,,,,
3/2/2017,4.1,,,,
3/9/2017,4.21,,,,
3/16/2017,4.3,,,,
3/23/2017,4.23,,,,
3/30/2017,4.14,,,,
4/6/2017,4.1,,,,
4/13/2017,4.08,,,,
4/20/2017,3.97,,,,
4/27/2017,4.03,,,,
5/4/2017,4.02,,,,
5/11/2017,4.05,,,,
5/18/2017,4.02,,,,
5/25/2017,3.95,,,,
6/1/2017,3.94,,,,
6/8/2017,3.89,,,,
6/15/2017,3.91,,,,
6/22/2017,3.9,,,,
6/29/2017,3.88,,,,
7/6/2017,3.96,,,,
7/13/2017,4.03,,,,
7/20/2017,3.96,,,,
7/27/2017,3.92,,,,
8/3/2017,3.93,,,,
8/10/2017,3.9,,,,
8/17/2017,3.89,,,,
8/24/2017,3.86,,,,
8/31/2017,3.82,,,,
9/7/2017,3.78,,,,
9/14/2017,3.78,,,,
9/21/2017,3.83,,,,
9/28/2017,3.83,,,,
10/5/2017,3.85,,,,
10/12/2017,3.91,,,,
10/19/2017,3.88,,,,
10/26/2017,3.94,,,,
11/2/2017,3.94,,,,
11/9/2017,3.9,,,,
11/16/2017,3.95,,,,
11/22/2017,3.92,,,,
11/30/2017,3.9,,,,
12/7/2017,3.94,,,,
12/14/2017,3.93,,,,
12/21/2017,3.94,,,,
12/28/2017,3.99,,,,
1/4/2018,3.95,,,,
1/11/2018,3.99,,,,
1/18/2018,4.04,,,,
1/25/2018,4.15,,,,
2/1/2018,4.22,,,,
2/8/2018,4.32,,,,
2/15/2018,4.38,,,,
2/22/2018,4.4,,,,
3/1/2018,4.43,,,,
3/8/2018,4.46,,,,
3/15/2018,4.44,,,,
3/22/2018,4.45,,,,
3/29/2018,4.44,,,,
4/5/2018,4.4,,,,
4/12/2018,4.42,,,,
4/19/2018,4.47,,,,
4/26/2018,4.58,,,,
5/3/2018,4.55,,,,
5/10/2018,4.55,,,,
5/17/2018,4.61,,,,
5/24/2018,4.66,,,,
5/31/2018,4.56,,,,
6/7/2018,4.54,,,,
6/14/2018,4.62,,,,
6/21/2018,4.57,,,,
6/28/2018,4.55,,,,
7/5/2018,4.52,,,,
7/12/2018,4.53,,,,
7/19/2018,4.52,,,,
7/26/2018,4.54,,,,
8/2/2018,4.6,,,,
8/9/2018,4.59,,,,
8/16/2018,4.53,,,,
8/23/2018,4.51,,,,
8/30/2018,4.52,,,,
9/6/2018,4.54,,,,
9/13/2018,4.6,,,,
9/20/2018,4.65,,,,
9/27/2018,4.72,,,,
10/4/2018,4.71,,,,
10/11/2018,4.9,,,,
10/18/2018,4.85,,,,
10/25/2018,4.86,,,,
11/1/2018,4.83,,,,
11/8/2018,4.94,,,,
11/15/2018,4.94,,,,
11/21/2018,4.81,,,,
11/29/2018,4.81,,,,
12/6/2018,4.75,,,,
12/13/2018,4.63,,,,
12/20/2018,4.62,,,,
12/27/2018,4.55,,,,
1/3/2019,4.51,,,,
1/10/2019,4.45,,,,
1/17/2019,4.45,,,,
1/24/2019,4.45,,,,
1/31/2019,4.46,,,,
2/7/2019,4.41,,,,
2/14/2019,4.37,,,,
2/21/2019,4.35,,,,
2/28/2019,4.35,,,,
3/7/2019,4.41,,,,
3/14/2019,4.31,,,,
3/21/2019,4.28,,,,
3/28/2019,4.06,,,,
4/4/2019,4.08,,,,
4/11/2019,4.12,,,,
4/18/2019,4.17,,,,
4/25/2019,4.2,,,,
5/2/2019,4.14,,,,
5/9/2019,4.1,,,,
5/16/2019,4.07,,,,
5/23/2019,4.06,,,,
5/30/2019,3.99,,,,
6/6/2019,3.82,,,,
6/13/2019,3.82,,,,
6/20/2019,3.84,,,,
6/27/2019,3.73,,,,
7/3/2019,3.75,,,,
7/11/2019,3.75,,,,
7/18/2019,3.81,,,,
7/25/2019,3.75,,,,
8/1/2019,3.75,,,,
8/8/2019,3.6,,,,
8/15/2019,3.6,,,,
8/22/2019,3.55,,,,
8/29/2019,3.58,,,,
9/5/2019,3.49,,,,
9/12/2019,3.56,,,,
9/19/2019,3.73,,,,
9/26/2019,3.64,,,,
10/3/2019,3.65,,,,
10/10/2019,3.57,,,,
10/17/2019,3.69,,,,
10/24/2019,3.75,,,,
10/31/2019,3.78,,,,
11/7/2019,3.69,,,,
11/14/2019,3.75,,,,
11/21/2019,3.66,,,,
11/27/2019,3.68,,,,
12/5/2019,3.68,,,,
12/12/2019,3.73,,,,
12/19/2019,3.73,,,,
12/26/2019,3.74,,,,
1/2/2020,3.72,,,,
1/9/2020,3.64,,,,
1/16/2020,3.65,,,,
1/23/2020,3.6,,,,
1/30/2020,3.51,,,,
2/6/2020,3.45,,,,
2/13/2020,3.47,,,,
2/20/2020,3.49,,,,
2/27/2020,3.45,,,,
3/5/2020,3.29,,,,
3/12/2020,3.36,,,,
3/19/2020,3.65,,,,
3/26/2020,3.5,,,,
4/2/2020,3.33,,,,
4/9/2020,3.33,,,,
4/16/2020,3.31,,,,
4/23/2020,3.33,,,,
4/30/2020,3.23,,,,
5/7/2020,3.26,,,,
5/14/2020,3.28,,,,
5/21/2020,3.24,,,,
5/28/2020,3.15,,,,
6/4/2020,3.18,,,,
6/11/2020,3.21,,,,
6/18/2020,3.13,,,,
6/25/2020,3.13,,,,
7/2/2020,3.07,,,,
7/9/2020,3.03,,,,
7/16/2020,2.98,,,,
7/23/2020,3.01,,,,
